EmployeeID,Name,Age
1,Lorie Sparrow,23
2,Paul Blackburn,25
3,Moon Kerby,50
4,Camille Stoudt,46
5,Marceline Goguen,40
6,Jacquetta Nordyke,45
7,Luise Pullum,31
8,Treasa Modlin,49
9,Kaila Mcdougall,30
10,Raeann Renzi,30
11,Monique Arizmendi,42
12,Kirstin Nault,48
13,Shanda Schmid,30
14,Oda Hennis,46
15,Abe Tillinghast,39
16,Summer Dials,46
17,Ruthie Reves,28
18,Katia Tilman,45
19,Sherell Kogan,24
20,Carita Sirianni,46
21,Elaine Snook,47
22,Rae Wentworth,34
23,Cleo Messick,48
24,Mindy Yutzy,27
25,Long Ostrom,55
26,Shantelle Lemasters,24
27,Dierdre Hegg,38
28,Quiana Vinton,45
29,Candra Yip,37
30,Lana Varney,33
31,Eli Mackiewicz,51
32,Lidia Piland,32
33,Manual Say,48
34,Antonia Hayhurst,41
35,Lorette Collette,53
36,Emiko Rockwell,51
37,Arlean Langone,30
38,Bradford Schomer,45
39,Hyacinth Tremper,33
40,Emily Mallery,41
41,Dorie Timm,44
42,Leilani Schwager,22
43,Kelley Clever,42
44,Waneta Starnes,43
45,Elke Kugel,44
46,Micheline Whiteford,32
47,Parthenia Shupe,40
48,Bulah Oler,26
49,Kimberly Conyers,43
50,India Irvin,26
51,Graham Dulmage,55
52,Shawnee Paredez,54
53,Tracey Vert,25
54,Porsha Mumford,32
55,Ressie Funston,42
56,Max Cambridge,43
57,Erminia Carrion,47
58,Lavette Demasi,34
59,Kayleen Castleman,23
60,Etsuko Saulnier,23
61,Diana Dimery,55
62,Carli Clardy,30
63,Elwanda Ulloa,36
64,Estell Booth,30
65,Suzie Marone,31
66,Teresita Doescher,26
67,Merilyn Hartsoe,33
68,Beth Perillo,45
69,Tangela Lafond,27
70,Rusty Doria,27
71,Jesusita Willard,42
72,Madalene Coad,39
73,Thaddeus Follis,28
74,Olin Rossman,40
75,Deetta Rigsby,47
76,Mignon Scroggs,39
77,Dovie Didion,37
78,Ricarda Pietsch,24
79,Selina Holleran,31
80,Tobi Elliott,24
81,Ethelene Jenning,54
82,Kip Fulmer,29
83,Patricia Ekhoff,51
84,Lashanda Denniston,23
85,Renita Phoenix,37
86,Warren Nicoletti,26
87,Avelina Shea,41
88,Marguerita Hoadley,51
89,Maryanna Joyal,36
90,Min Rabideau,48
91,Sharan Struck,26
92,Grisel Tomberlin,36
93,Florencio Rentz,32
94,Herb Mahon,32
95,Anjanette Bergmann,36
96,Marybelle Lasher,43
97,Alphonso Wollman,31
98,Ruthe Moshier,54
99,Lorretta Mathison,40
100,Kurt Fenley,35
101,Donna Suter,55
102,Crysta Toscano,54
103,Brittanie Dorfman,36
104,Darnell Laplant,34
105,Anamaria Bingham,51
106,Denisha Main,42
107,Dorathy Cruickshank,55
108,Nohemi Healey,34
109,Fae Guffey,23
110,Jeannette Reid,40
111,Gaye Riggio,48
112,Shaunna Elsen,38
113,Cordia Daye,36
114,Ashli Number,52
115,Dorene Squillante,31
116,Vinnie Hans,43
117,Pamela Wainscott,28
118,Deedra Fankhauser,45
119,Claudette Fussell,28
120,Setsuko Nobles,28
121,Carylon Eklund,28
122,Annis Mun,54
123,Sade Enoch,51
124,Dann Guss,24
125,Monroe Giles,35
126,Oralee Johnosn,33
127,Candy Kurth,36
128,Eneida Beaufort,41
129,Dorotha Loveday,23
130,Corrin Alldredge,52
131,Chrystal Kolman,47
132,Cherrie Juel,27
133,Erinn Chacon,44
134,Donn Goettl,46
135,Ling Delapena,52
136,Suzann Hambly,43
137,Allena Guttierrez,43
138,Viviana Jesse,29
139,Darius Perna,48
140,Hung Hopp,49
141,Mariella Peppard,31
142,Sherika Ellingwood,42
143,Camelia Kunz,28
144,Arturo Mcgilvray,55
145,Felipa Weinstein,32
146,Trinh Halko,40
147,Catrina Linke,52
148,Micah Dillahunty,41
149,Lovella Leng,43
150,Renaldo Deak,33
