ProductID,Product Name
A1,HONEY - 12 OZ
A2,POTATOES SWEET - 20 OZ
A3,CRANBERRY SAUCE - 16 OZ
A4,POTATOES WHITE - 20 OZ
A5,MIXED VEGETABLES - 15 OZ
A6,POTATOES: DRY - 20 OZ
A7,HOT MUSTARD/SPECIALTY MUSTAR - 12 OZ
A8,HAMBURGER BUNS - 32 OZ
A9,FLUID MILK WHITE ONLY - 34.5 OZ
A10,CHUNK MEATS - ALL - 13 OZ
A11,CHUNK MEATS - ALL - 13 OZ
A12,POTTED MEATS AND SPREADS - 20 OZ
A13,BBQ SAUCE - 12CT/11 OZ
A14,DINNER ROLLS - 11 OZ
A15,VINEGAR ALL-EXCEPT WINE/RIC - 16 OZ
A16,CAT TREATS - A D   1 DZ
A17,CARROTS - ABD   1 DZ
A18,SPINACH & GREENS - 7.75 OZ
A19,OTHER ASIAN FOODS - 20 OZ
A20,DIET/LIGHT BREAD - 16 OZ
A21,MAIN MEAL BREAD - 18 OZ
A22,MAIN MEAL BREAD - 18 OZ
A23,JUICE (UNDER 50% JUICE) - 12 OZ
A24,JUICE (UNDER 50% JUICE) - 12 OZ
A25,SS ECONOMY ENTREES/DINNERS ALL - 6 OZ
A26,SS ECONOMY ENTREES/DINNERS ALL - 6 OZ
A27,POULTRY - STEW W/DUMPLINGS/ A - 20 OZ
A28,MICROWAVE MIXES: ALL OTHER - 24 OZ
A29,HAMBURGER BUNS - @    18 OZ
A30,PEANUT BUTTER - 24 OZ
A31,COOKIES: PARTY - 24 OZ
A32,FRZN SS PREMIUM ENTREES/DNRS/N - 14 OZ
A33,COOKIES: HOLIDAY/SPECIAL OCCAS - 24 OZ
A34,FRZN OJ&OJ SUBSTITUTES (OVER 5 - 12CT/21 OZ
A35,PEARS - 24 OZ
A36,MAINSTREAM WHITE BREAD - @    24 OZ
A37,MAINSTREAM WHITE BREAD - @    24 OZ
A38,FRZN BOXED VEGETABLES- VALUE A - 12 OZ
A39,TOMATOES WHOLE - 14.5 OZ
A40,OTHER CITRUS JUICES (50% AND U - 20 OZ
A41,HOT DOG BUNS - @    13 OZ
A42,FRZN BRD OTHER - 12 OZ
A43,FRZN BRD OTHER - 12 OZ
A44,FRZN SS PREMIUM ENTREES/DNRS/N - 18 OZ
A45,GUM (PACKAGED) - 16 OZ
A46,DIPS - 8 OZ
A47,RICOTTA CHEESE - 15 OZ
A48,MISCELLANEOUS CHEESE - 12 OZ
A49,REFRIG DIPS - 16 OZ
A50,RICOTTA CHEESE - 30 OZ
A51,OILS/VINEGAR - 16 OZ
A52,REFRIG DIPS - 8 OZ
A53,DIPS (NON-REFRIGERATED) - 8 OZ
A54,SFT DRNK 3 LITER BTL CARB (EXC - 3 LTR
A55,PEANUT BUTTER - 28 OZ
A56,SALADS CND (BEAN POTATO) - 12 OZ
A57,SOUR CREAMS - 16 OZ
A58,SOUR CREAMS - 24 OZ
A59,FROZEN MEAT (VEGETARIAN) - 16 OZ
A60,AIR CARE - RUG - 8 OZ
A61,PRESERVES JAM MARMALADE - 32 OZ
A62,SOUR CREAMS - 8 OZ
A63,BBQ SAUCE - 18 OZ
A64,SOUR CREAMS - 24 OZ
A65,CLOSET ACCESSORIES - 16 OZ
A66,DRY CAT FOOD SUP PREM (ONE/NUT - 11.5 OZ
A67,SOUR CREAMS - 8 OZ
A68,SOUR CREAMS - 8 OZ
A69,PEANUT BUTTER - ALL  18 OZ
A70,SOFT DRINK BOTTLE NON-CARB (EX -  
A71,SFT DRNK 3 LITER BTL CARB (EXC - 3 LTR
A72,DRY DOG ECONOMY (COST CUTTER/F - 11.5 OZ
A73,NON-CARB FLVRD DRNKNG/MNRL WAT - 18 OZ
A74,SANDWICH BUNS - 16 OZ
A75,FROZEN FRUIT - 39 OZ
A76,MICROWAVABLE SOUPS - 32 OZ
A77,DRY CAT FOOD SUP PREM (ONE/NUT - 18 OZ
A78,CANDY REFRIGERATED - ALL   1 DZ
A79,REFRIG DIPS - 8 OZ
A80,LAYER CAKE MIX - 20 OZ
A81,SOFT DRINKS BOTTLE RETURNABLE - 18 OZ
A82,CROUTONS SALAD TOPPERS BREAD - 15.25 OZ
A83,SALAD MUSTARD - 16 OZ
A84,SOUR CREAMS - 8 OZ
A85,PEARS - 15.25 OZ
A86,POURABLE SALAD DRESSINGS - 16 OZ
A87,PEANUT BUTTER - ALL  18 OZ
A88,CAN CATFD GOURMET/SUP PREM (GR - 6 CT
A89,PINEAPPLE - 8 OZ
A90,CREAM CHEESE - 12 OZ
A91,PRESERVES JAM MARMALADE - 32 OZ
A92,PASTA/RAMEN - 15.25 OZ
A93,CORNMEAL - 24 OZ
A94,BREAKFAST FOODS - 15 1/4 OZ
A95,BREAKFAST FOODS - 15 1/4 OZ
A96,TAMALES (STOCKED N/CANNED MEAT - 16 OZ
A97,TAMALES (STOCKED N/CANNED MEAT - 16 OZ
A98,PROCESSED OTHER - 15 1/4 OZ
A99,TEA BAGS & BULK TEA - 16 OZ
A100,BEEF STEW - 24 OZ
A101,AIR CARE - SANITIZERS - 8 OZ
A102,DESSERTS & VERMOUTH - 3 OZ
A103,PRESERVES JAM MARMALADE - 18 OZ
A104,FOAM PLATES - 34.5 OZ
A105,FIGHTING VARIETAL WINES - 13 OZ
A106,CANNED MILK - 30 CT
A107,SV BEV: BEV/JUICE 50-100% JUIC - 12 OZ
A108,SPAGHETTI DRY - 32 OZ
A109,PEANUT BUTTER - 12 OZ
A110,DRY DOG FOOD PREMIUM (ALPO/PUR - 28 OZ
A111,TOMATO SAUCE - 15 OZ
A112,TOMATO JUICE (50% AND UNDER) - 14.5 OZ
A113,HOT SAUCE - 12 OZ
A114,REFRIGERATED MEXICAN PRODUCTS - 15 OZ
A115,SPAGHETTI DRY - 2 LB
A116,TOMATO SAUCE - 29 OZ
A117,TOMATO SAUCE - 8 OZ
A118,TOMATO PASTE - 12 OZ
A119,DOG & CAT CHEMICALS - 14.5 OZ
A120,SPAGHETTI DRY - 16 OZ
A121,FITNESS&DIET - BARS - 13 OZ
A122,SPAGHETTI DRY - 16 OZ
A123,MICROWAVE - 32 OZ
A124,FRUIT COCKTAIL FRUIT SALAD - 15 OZ
A125,TEA BAGS & BULK TEA (SUPPLEMEN - 16 OZ
A126,PASTA: CANNED - 15 OZ
A127,SANDWICH SAUCE - 15.5 OZ
A128,COVERGIRL - 15 OZ
A129,COOKING SPRAYS - 5 LB
A130,CANISTER POTATO/TORT CHIPS - 16.4 OZ
A131,COOKING WINES - 5 LB
A132,VINEGAR WINE/RICE - 8.25 OZ
A133,MISC SNACKS - 12 OZ
A134,PINEAPPLE - 20 OZ
A135,PINEAPPLE - 20 OZ
A136,PEAS GREEN - 15 OZ
A137,MISCELLANEOUS CANDY (INCLUDING - 16 OZ
A138,FRZN MEAT ALTERNATIVES - 14.5 OZ
A139,FRZN MEAT ALTERNATIVES - 14.5 OZ
A140,TOMATO PASTE - 6OZ
A141,TOMATO PASTE - 6OZ
A142,HOT DOG BUNS - 10CT/17.5Z
A143,PEAS GREEN - 15 OZ
A144,SPICES & SEASONINGS - 35.3 OZ
A145,KETCHUP/MUSTARD/BBQ SCE/MARINA - 12 OZ
A146,LIQUID BLEACH - 9 OZ
A147,ALL FABRIC DRY BLEACH - 8 OZ
A148,VINEGAR ALL-EXCEPT WINE/RIC - 16 OZ
A149,JUICE (UNDER 50% JUICE) - 15 OZ
A150,SEAFOOD-MISC-SAUCES/MARIN-DRY - 14.5 OZ
A151,ULTRA PREMIUM WINES - 14.5 OZ
A152,SALAD MUSTARD - 16 OZ
A153,SALAD MUSTARD - 8 OZ
A154,MULTI-PACK COOKIES - 15 OZ
A155,SOUP CRACKERS (SALTINE/OYSTER) - 16 OZ
A156,FRZN BRD OTHER - 16 OZ
A157,SOUR CREAMS - 16 OZ
A158,TOOLS - FLOOR & FURNITURE - 12.25 OZ
A159,FRZN EGG SUBSTITUTES - 15.25 OZ
A160,BRITISH FOODS - 18 CT
A161,ALL FABRIC LIQUID BLEACH - 8 OZ
A162,BOUILLON - A D   1 DZ
A163,NON DAIRY CREAMER: DRY - 11 OZ
A164,PRUNE JUICE (OVER 50% JUICE) - BD 8.25 OZ
A165,PEAS GREEN - 8.5 OZ
A166,EGGS SUBSTITUTE - 12 OZ
A167,DAIRY CASE TEA NO SUGAR OR SWE - 8.5 OZ
A168,HISPANIC CARBONATED BEVERAGES - 8 OZ
A169,SOFT DRINKS 12/18&15PK CAN CAR - 8.25 OZ
A170,BEETS - 15 OZ
A171,MEXICAN PEPPERS CHILIES - 21 OZ
A172,SMALL ANIMAL NEEDS - 15 OZ
A173,PLASTIC WRAP (SARANETC.) - 16 OZ
A174,OTHER CITRUS JUICES (OVER 50% - 20 OZ
A175,SPAGHETTI DRY - 16 OZ
A176,CEREAL BARS - 16 OZ
A177,INSTANT COFFEE REGULAR -  
A178,SEMI-SOLID SALAD DRESSING MAY - 8 OZ
A179,MEXICAN SAUCESSALSAPICANTEE - 21 OZ
A180,MANDARIN ORANGES/CITRUS SECT - 10.5 OZ
A181,REFRIGERATED COOKIES-BREAK N B - 11 OZ
A182,GIFT BASKETS BEER - 21 OZ
A183,GIFT BASKETS BEER - 21 OZ
A184,RICE - INSTANT & MICROWAVE - 12.8 OZ
A185,SOFT DRINKS CAN NON-CARB (EXCE - 12 PK
A186,SANDWICHES&HANDHELDS - 4 OZ
A187,SANDWICHES&HANDHELDS - 4 OZ
A188,POURABLE SALAD DRESSINGS - 12 OZ
A189,SARDINES - 4 OZ
A190,SNACK CAKE - MULTI PACK - 6 OZ
A191,PREMIUM BREAD - 24 OZ
A192,SNACK CAKE - SINGLE SERVE - 4 OZ
A193,SNACK CAKE - SINGLE SERVE - 4 OZ
A194,PEAS & ONIONS PEAS & CARROT - 24 OZ
A195,PINEAPPLE - 20 OZ
A196,FLASHLIGHTS - 13 OZ
A197,POURABLE SALAD DRESSINGS - 16 OZ.
A198,SFT DRNK 2 LITER BTL CARB INCL - 2 LTR
A199,SOFT DRINKS BOTTLE RETURNABLE - 11 OZ
A200,MEXICAN SEASONING MIXES - 21 OZ
A201,REFRIG DIPS - 16 OZ
A202,AUTHENTIC VEGETABLES AND FOODS - 15 OZ
A203,HISPANIC CHEESE - 16 OZ
A204,DONATIONS - 15.25OZ
A205,HISPANIC CARBONATED BEVERAGES - 8 OZ
A206,REFRIGERATED PASTA - 20 OZ
A207,BOXED PREPARED/ENTREE/DRY PREP - 16 OZ
A208,RAMEN NOODLES/RAMEN CUPS - 24 OZ
A209,GRAVY CAN/GLASS - 12 OZ
A210,AUTHENTIC DRY BEVERAGES W/SWEE - 14.5 OZ
A211,REFRIG DIPS - 8 OZ
A212,SFT DRNK 2 LITER BTL CARB INCL - 2 LTR
A213,OTHER ETHNIC FOODS - 20 OZ
A214,BLENDED JUICE&COMBINATIONS (OV - 1 DOZEN
A215,TOILET TISSUE - 15 OZ
A216,TOMATOES WHOLE - 14.5 OZ
A217,PUDDING&GELATIN CUPS/CANS - 20OZ
A218,POURABLE SALAD DRESSINGS - 16 OZ
A219,SAUCE MIXES GRAVY MIXES DRY - 4 OZ
A220,SFT DRNK 2 LITER BTL CARB INCL - 2 LTR
A221,CORN - 11 OZ
A222,SANDWICH SAUCE HORSERADISH SA - 11.25 OZ
A223,DRY DOG FOOD PREMIUM (ALPO/PUR - 11.5 OZ
A224,SOFT DRINK BOTTLE NON-CARB (EX - 2 LTR
A225,POURABLE SALAD DRESSINGS - 20 OZ
A226,PRESERVES JAM MARMALADE - 32 OZ
A227,PRESERVES JAM MARMALADE - 32 OZ
A228,POURABLE SALAD DRESSINGS - 16 OZ
A229,SAUCES/MARINADES - 4 OZ
A230,SPAGHETTI DRY - 16 OZ
A231,SPAGHETTI DRY - 16 OZ
A232,TEA BAGS HERBAL & FLAVORED - 16 OZ
A233,TEA BAGS HERBAL & FLAVORED - 16 OZ
A234,SNACK CAKE - SINGLE SERVE - 6 OZ
A235,SNACK CAKE - SINGLE SERVE - 6 OZ
A236,GLASS CLEANERS - 21 OZ
A237,DISTILLED WATER - 8 OZ
A238,FRUIT FILLED COOKIES - 11.5 OZ
A239,BROTH - 18 CT
A240,BAKING CUPS - 15 OZ
A241,MISCELLANEOUS CHEESE - 16 OZ
A242,CANDY - 16 OZ
A243,SFT DRNK 2 LITER BTL CARB INCL - 2 LTR
A244,TOMATO PASTE - 6 OZ
A245,VINEGAR ALL-EXCEPT WINE/RIC - 16 OZ
A246,PEAS FRESH PACK CROWDER - 24 OZ
A247,VIENNA SAUSAGE - 5 OZ
A248,TOMATO JUICE (50% AND UNDER) - 15 OZ
A249,SOUR CREAMS - 16 OZ
A250,FRZN BRD STICK/PORTON - 12 OZ
A251,SPINACH & GREENS - 27 OZ
A252,SFT DRNK 3 LITER BTL CARB (EXC - 3 LTR
A253,DRY DOG FOOD SUPER PREM (ONE/N - 11.5 OZ
A254,SOUR CREAMS - 16 OZ
A255,RICOTTA CHEESE - 30 OZ
A256,NON-CARB FLVRD UNSWEETENED WAT - 24 OZ
A257,SFT DRNK 2 LITER BTL CARB INCL - 2 LTR
A258,PINEAPPLE - 20 OZ
A259,DRY DOG VALUE (PET PRIDE/KLR/G - 11.5 OZ
A260,KIDS CEREAL - 12 OZ
A261,SALAD MUSTARD - 8 OZ
A262,VAC PAC NUTS(CANS) - 15.25 OZ
A263,SFT DRNK 3 LITER BTL CARB (EXC - 3 LTR
A264,NECTARS (50% AND UNDER JCE) - 24 OZ
A265,CHILI SAUCE COCKTAIL SAUCE - 12 OZ
A266,CAN DOG FOOD (SKIPPY/PEDIGREE/ - 6 CT
A267,POURABLE SALAD DRESSINGS - 16 OZ.
A268,FRZN BRD WHOLE FILLETS - 12 OZ
A269,KIDS MILK DRINKS-ASEPTIC - 12 OZ
A270,CRACKERS - 16 OZ
A271,SFT DRNK 2 LITER BTL CARB INCL - 2 LTR
A272,POURABLE SALAD DRESSINGS - 16 OZ
A273,PEANUT BUTTER - 18 OZ
A274,POWDER LAUNDRY DETERGENT - 20 OZ
A275,SOFT DRINK BOTTLE NON-CARB (EX - 2 LTR
A276,SALAD MUSTARD - 16 OZ
A277,SPICES/SEASONING - 35.3 OZ
A278,PINEAPPLE - 20 OZ
A279,PREMIUM - 20 OZ
A280,HOT MUSTARD/SPECIALTY MUSTAR - 11 OZ
A281,SFT DRNK 2 LITER BTL CARB INCL - 2 LTR
A282,SALAD MUSTARD - 16 OZ
A283,DRY ROAST NUTS - 11.5 OZ
A284,HOT SAUCE - 11 OZ
A285,ALL OTHER IMPORTED WINES - 8 OZ
A286,PLASTIC/HEAVY PAPER PREM PLATE - 16 OZ
A287,PEAS GREEN - 14 OZ
A288,SPAGHETTI DRY - 16 OZ
A289,CANOLA OILS - 30 CT
A290,MISC. CEREAL - 12 OZ
A291,MISC. CEREAL - 12 OZ
A292,CHEESE:CHEESEBALLS/SPREADS - 15 1/4 OZ
A293,PEANUT BUTTER - 40 OZ
A294,SPAGHETTI DRY - 16 OZ
A295,MISC MEAT SAUCES - 12 OZ
A296,SFT DRNK 2 LITER BTL CARB INCL - 2 LTR
A297,MEAT ADDED - 18 OZ
A298,EGGS - JUMBO - 1 DOZ
A299,PEANUT BUTTER - 28 OZ
A300,SFT DRNK 2 LITER BTL CARB INCL - 2 LTR
A301,PRESERVES JAM MARMALADE - 12 OZ
A302,PINEAPPLE - 8 OZ
A303,REGULAR BEAN - 12 OZ
A304,PRESERVES JAM MARMALADE - 12 OZ
A305,CLEANING WIPES - 13 OZ
A306,RICOTTA CHEESE - 15 OZ
A307,PRESERVES JAM MARMALADE - 12 OZ
A308,FRZN BREAD DOUGH - 12 OZ
A309,SALAD DRESSING MIXES - .7 OZ
A310,SFT DRNK 2 LITER BTL CARB INCL - 2 LTR
A311,VINEGAR ALL-EXCEPT WINE/RIC - 32 OZ
A312,POURABLE SALAD DRESSINGS - 16 OZ
A313,CHEESE CRACKERS (CHEEZ-ITS/GOL - 8 OZ
A314,DIPS - 12.7 OZ
A315,POURABLE SALAD DRESSINGS - 16 OZ
A316,SALAD MUSTARD - 10.5 OZ
A317,FRZN BISCUITS - 39 OZ
A318,REFRIG DIPS - 24 OZ
A319,SOUR CREAMS - 16 OZ
A320,FOOD STORAGE BAGS - 34.5 OZ
A321,CARAMEL COATED SNACKS - 30 CT
A322,PINEAPPLE - 8 OZ
A323,FRZN SWEET ROLLS&MUFFINS - 16 OZ
A324,SNACKS: DRY - 14.5 OZ
A325,SCOOP LITTER - 4 OZ
A326,PEANUT BUTTER - 12 OZ
A327,SOUR CREAMS - 8 OZ
A328,PREMIUM 1.5LT WINES - 15 OZ
A329,POURABLE SALAD DRESSINGS - 8 OZ
A330,POURABLE SALAD DRESSINGS - 8 OZ
A331,PRESERVES JAM MARMALADE - 12 OZ
A332,PRESERVES JAM MARMALADE - 12 OZ
A333,PRESERVES JAM MARMALADE - 32 OZ
A334,GROUND DECAFFINATED - 16 OZ
A335,SFT DRNK 2 LITER BTL CARB INCL - 2 LTR
A336,PEARS - 15.25 OZ
A337,PEARS - 8.25 OZ
A338,POURABLE SALAD DRESSINGS - 8 OZ
A339,RICOTTA CHEESE - 30 OZ
A340,FLAVORED BEAN COFFEE - 13 OZ
A341,EGGS - MEDIUM - 1 DOZ
A342,PRESERVES JAM MARMALADE - 18 OZ
A343,SPAGHETTI DRY - 16 OZ
A344,SPINACH & GREENS - 27 OZ
A345,POURABLE SALAD DRESSINGS - 16 OZ
A346,SALAD DRESSING MIXES - 4 OZ
A347,SANDWICH SAUCE HORSERADISH SA - 11.25 OZ
A348,SANDWICH SAUCE HORSERADISH SA - 18 OZ
A349,SPAGHETTI DRY - 16 OZ
A350,MISC. CND FRUIT (GRAPESFIGSE - 12 OZ
A351,TOMATO SAUCE - 8 OZ
A352,OTHER HOT CEREAL - 20 OZ
A353,TOMATO JUICE (OVER 50% JCE) - 15 OZ
A354,WATER ICE - 8.75 OZ
A355,FRUIT SNACKS - 11.5 OZ
A356,TEA CAN WITH SWEETENER/SUGAR - 16 OZ
A357,DRIED FRUIT - OTHER - 1.75 OZ
A358,PEANUT BUTTER - 18 OZ
A359,CRV DEPOSIT NT/F - 15.25 OZ
A360,OTHER ITALIAN SAUCE - 20 OZ
A361,SAL: DESSERTS-PREPACK - 16 OZ
A362,SW GDS:DONUTS - 12 OZ
A363,TOMATO PASTE - 15 OZ
A364,CANNED CAT FOOD RATION (ECONOM - 16 OZ
A365,REGULAR BEAN - 12 OZ
A366,FROZEN FRUIT PIES  & COBBLERS - 39 OZ
A367,FRZN BAGGED VEGETABLES- VALUE - 26 OZ
A368,INSTANT DECAFFINATED - 3 OZ
A369,GRATED CHEESE - 16 OZ
A370,TOMATO PUREE & ASPIC - 15 OZ
A371,BABY FOOD - BEGINNER - 16 OZ
A372,PRESERVES JAM MARMALADE - 18 OZ
A373,TOMATOES WHOLE - 28 OZ
A374,POTATOES WHITE - 15 OZ
A375,SPINACH & GREENS - 14 OZ
A376,MAIN MEAL BREAD - 6 OZ
A377,AUTO DISH DETERGENT - MONODOSE - 12 OZ
A378,YOGURT MULTI-PACKS - 6 CT
A379,CRANAPPLE CRAN GRAPE JUICE (5 - 15 OZ
A380,POURABLE SALAD DRESSINGS - 16 OZ
A381,SFT DRNK 2 LITER BTL CARB INCL - 2 LTR
A382,CHEESE CRACKERS (CHEEZ-ITS/GOL - 16 OZ
A383,MARGARITA SALT/SUGAR MISC - 4 OZ
A384,POURABLE SALAD DRESSINGS - 12 OZ
A385,POURABLE SALAD DRESSINGS - 16 OZ
A386,ALL OTHER MISC WINES - 8 OZ
A387,CAN DOG FOOD RATION (TRIX/VETS - 6 CT
A388,MISC BAG SNACKS - 18 OZ
A389,DECAF BEAN: FLAVORED - 12 OZ
A390,COOKIES - 15.25 OZ
A391,TEA SWEETENED - 16 OZ
A392,SPAGHETTI DRY - 16 OZ
A393,PRESERVES JAM MARMALADE - 11.5 OZ
A394,STEAK & WORCHESTER SAUCE - 8 OZ
A395,AUTO DISH DETERGENT - MONODOSE - 18 OZ
A396,POURABLE SALAD DRESSINGS - 16 OZ
A397,FRZN BOXED VEGETABLES- VALUE A - 18 OZ
A398,MISCELLANEOUS MILK - 16 OZ
A399,PRESERVES JAM MARMALADE - 11.5 OZ
A400,SFT DRNK 2 LITER BTL CARB INCL - 2 LTR
A401,SFT DRNK 2 LITER BTL CARB INCL - 2 LTR
A402,DOG & CAT ACCESSORIES - 8 OZ
A403,PINEAPPLE - 8 OZ
A404,DOMESTIC BIRD FOOD/NEEDS - 8 OZ
A405,SPAGHETTI DRY - 16 OZ
A406,SFT DRNK 2 LITER BTL CARB INCL - 2 LTR
A407,TOMATOES WHOLE - 14.5 OZ
A408,TICKETS - 12 OZ
A409,VINEGAR ALL-EXCEPT WINE/RIC - GAL
A410,DOG & CAT ACCESSORIES - 18 OZ
A411,SOFT DRINKS CAN NON-CARB (EXCE - 12 OZ
A412,BEANS GREEN: FS/WHL/CUT - 13OZ/12CT
A413,BLENDED JUICE&COMBINATIONS (OV - 12.25 OZ
A414,FROZEN ENTREES - 36 OZ
A415,MAIN MEAL BREAD - 16 OZ
A416,POURABLE SALAD DRESSINGS - 16 OZ
A417,SPAGHETTI DRY - 8 OZ
A418,RICOTTA CHEESE - 15 OZ
A419,RICOTTA CHEESE - 15 OZ
A420,OTHER CITRUS JUICES (OVER 50% - 28 OZ
A421,RELISHES - 12 OZ
A422,SFT DRNK 2 LITER BTL CARB INCL - 2 LTR
A423,SANDWICH SAUCE - 26.5 OZ
A424,STICKS/ENROBED - 8 OZ
A425,FRZN BREADED PREPARED CHICK - 12 OZ
A426,FRZN BREADED PREPARED CHICK - 12 OZ
A427,PREMIUM 1.5LT WINES - 20 OZ
A428,CAKES: LAYERS - 2 LTR
A429,WAFFLES/PANCAKES/FRENCH TOAST - 8.25 OZ
A430,GREEN OLIVES - 12 OZ
A431,MULTI-PACK CRACKERS - 4.8 OZ
A432,SPAGHETTI DRY - 3LB
A433,SFT DRNK 2 LITER BTL CARB INCL - 2 LTR
A434,VEG JUICE (EXCEPT TOMATO) (50% - 15 OZ
A435,DOG & CAT CHEMICALS - 8 OZ
A436,DOG & CAT CHEMICALS - 8 OZ
A437,CLEANSING WIPES - 13 OZ
A438,CLEANSING WIPES - 13 OZ
A439,KITCHEN & MULTI-PURPOSE CLEANE - 18 OZ
A440,KITCHEN & MULTI-PURPOSE CLEANE - 18 OZ
A441,PEAS GREEN - 24 OZ
A442,PEAS GREEN - 24 OZ
A443,PEANUT BUTTER - 17 OZ
A444,MISCELLANEOUS PACKAGE MIXES - 16 OZ
A445,MISCELLANEOUS PACKAGE MIXES - 16 OZ
A446,COLOR SETS - 12 OZ
A447,COLOR SETS - 12 OZ
A448,VINEGAR ALL-EXCEPT WINE/RIC - 64 OZ
A449,VINEGAR ALL-EXCEPT WINE/RIC - 64 OZ
A450,DESIGNER FRAGRANCES - 8.25 OZ
A451,SOFT DRINKS SINGLE CANS CARB ( - 12 OZ
A452,SOFT DRINKS SINGLE CANS CARB ( - 12 OZ
A453,LIQUID DISH DETERGENT - 9 OZ
A454,LIQUID DISH DETERGENT - 9 OZ
A455,COCKTAIL MIXES-DRY - 24 OZ
A456,COCKTAIL MIXES-DRY - 24 OZ
A457,FRZN BREADED VEGETABLES - 12 OZ
A458,POTATOES WHITE - 15 OZ
A459,POTATOES WHITE - 15 OZ
A460,PEAS GREEN - 15 OZ
A461,DOG & CAT TOYS - 8 OZ
A462,VINEGAR ALL-EXCEPT WINE/RIC - 250 ML
A463,FORTIFIED/ENERGY WATER - 34.5 OZ
A464,SNACK CAKE - SINGLE SERVE - 4 OZ
A465,MISC. PET SUPPLIES - 12 OZ
A466,SANDWICH SAUCE - 15.5 OZ
A467,VALUE - 15.25 OZ
A468,SOY BEVERAGE - 16 OZ
A469,TEA UNSWEETENED - 16 OZ
A470,TEA UNSWEETENED - 16 OZ
A471,GROUND DECAFFINATED - 1.75 OZ
A472,PRESERVES JAM MARMALADE - 12 OZ
A473,VIENNA SAUSAGE - 5 OZ
A474,PIMENTOS - 8 OZ
A475,DRAIN CLEANING - 8 OZ
A476,PREMIUM 750ML WINES - 20 OZ
A477,SOFT DRINKS SINGLE CANS CARB ( - 6 PK
A478,GRITS - 12 OZ
A479,FREEZE MIXES PWDRS/LIQUIDS - 34.5 OZ
A480,PIZZA SAUCE - 14 OZ
A481,MICROWAVE MIXES: ALL OTHER - 32 OZ
A482,KOSHER FOODS - 14.25 OZ
A483,PRESERVES JAM MARMALADE - 12 OZ
A484,DRY SOUP - 11.5 OZ
A485,PEANUT BUTTER - 16 OZ
A486,PEANUT BUTTER - 18 OZ
A487,ISOTONIC DRINKS POWDERED - 15 OZ
A488,CRACKERS - 15 OZ
A489,CORN - 5 LB
A490,MARGARINE  STICK - 7 OZ
A491,PEPPERONI/SALAMI - 24 OZ
A492,SFT DRNK 1 LITER BTL CARB (EXC - 8 OZ
A493,SEAFOOD-FRE-NON RW-ALL - 4 OZ
A494,SPAGHETTI DRY - 12 OZ
A495,INTERIOR/EXTERIOR ACCESSIORES - 15.25 OZ
A496,MIXED VEGETABLES - 16 OZ
A497,KITCHEN & MULTI-PURPOSE CLEANE - 12 OZ
A498,BAKING POWDER & SODA - 11 OZ
A499,SALAD DRESSING MIXES - 2.4 OZ
A500,SOFT DRINKS 6PK/4PK CAN CARB ( - 12 OZ
A501,CHUNK MEATS - ALL - 10 OZ
A502,CHUNK MEATS - ALL - 10 OZ
A503,FLASHLIGHTS - 24 OZ
A504,SFT DRNK 2 LITER BTL CARB INCL - 2 LTR
A505,SOUR CREAMS - 8 OZ
A506,DRY BEANS/PEAS/BARLEY: BAG & B - 11 OZ
A507,PEARS - 15.25 OZ
A508,SOFT DRINKS CAN NON-CARB (EXCE - 12 PK
A509,PEARS - 29 OZ
A510,SFT DRNK 2 LITER BTL CARB INCL - 2 LTR
A511,BEERALEMALT LIQUORS - 20 OZ
A512,TOMATO SAUCE - 15 OZ
A513,PRESERVES JAM MARMALADE - 32 OZ
A514,ASPARAGUS - 11.6 OZ
A515,VENDOR SIZE/SINGLE SERVE COOKI - 18 OZ
A516,PRESERVES JAM MARMALADE - 12 OZ
A517,PRESERVES JAM MARMALADE - 12 OZ
A518,BROWNIE MIX - 18 CT
A519,PRESERVES JAM MARMALADE - 12 OZ
A520,SPAGHETTI DRY - 16OZ
A521,POURABLE SALAD DRESSINGS - 16 OZ
A522,MIXERS(CLUB SODA/SELTZERS)FLAV - 16 OZ
A523,SALMON - 12 OZ
A524,SFT DRNK 2 LITER BTL CARB INCL - 2 LTR
A525,REPTILE NEEDS - 12 OZ
A526,MARGARINE: TUBS AND BOWLS - 8 OZ
A527,PRESERVES JAM MARMALADE - 18 OZ
A528,SALAD MUSTARD - 16 OZ
A529,RAWHIDE CHEWS - 24 OZ
A530,ALL PURPOSE CLEANERS - 8 OZ
A531,POURABLE SALAD DRESSINGS - 16 OZ
A532,REFRIG DIPS - 24 OZ
A533,PEARS - 29 OZ
A534,SOFT DRINK BOTTLE NON-CARB (EX - 2 LTR
A535,VINEGAR ALL-EXCEPT WINE/RIC - 32 OZ
A536,ALTERNATIVE LITTER - 8 OZ
A537,INSTANT COFFEE FLAVORED NO SWE - 12 OZ
A538,VALUE GLASS WINE - 15.25 OZ
A539,REFRIG DIPS - 8 OZ
A540,MIXERS(TONIC WTR/CLUB SODA/GNG - 16 OZ
A541,TAMALES (STOCKED N/CANNED MEAT - 15 OZ
A542,VEGETABLES/DRY BEANS - 29 OZ
A543,BAGELS - 16 OZ
A544,PRESERVES JAM MARMALADE - 11.5 OZ
A545,PEAS FRESH PACK CROWDER - 8 OZ
A546,POPULAR 750ML WINES - 28 OZ
A547,SPINACH & GREENS - 35.3 OZ
A548,FRZN REGIONAL/OTHER - 12.7 OZ
A549,POURABLE SALAD DRESSINGS - 8 OZ
A550,GIFT BASKETS BEER - 15.25 OZ
A551,CONDENSED SOUP - 12 OZ
A552,SPAGHETTI DRY - 16 OZ
A553,PEANUT BUTTER - 28 OZ
A554,FLEA/TICK COLLAR - 13 OZ
A555,REGULAR BEAN - 26 OZ
A556,STRING CHEESE - 8 OZ
A557,REFRIG DIPS - 24 OZ
A558,PINEAPPLE - 20 OZ
A559,PEARS - 29 OZ
A560,FRZN PASTRY&COOKIES - 13 OZ
A561,RICE - DRY BAG AND BOX - 12 OZ
A562,PEANUT BUTTER - 28 OZ
A563,CHEMICALS - 8 OZ
A564,SOUR CREAMS - 24 OZ
A565,PREMIUM BREAD - 24 OZ
A566,VENDING SIZE/SNGL SERVE CRACKE - 29 OZ
A567,SALAD DRESSING MIXES - 1 OZ
A568,TOMATOES WHOLE - 15 OZ
A569,PET TREATS - 24 OZ
A570,PINEAPPLE - 20 OZ
A571,SEASONAL MISCELLANEOUS - 16 OZ
A572,FLOOR - CARPET & UPHOLSTERY - 8 OZ
A573,SPAGHETTI DRY - 1LB
A574,FLOUR: WHITE & SELF RISING - 10 LB
A575,FRUIT/BREAKFAST BREAD - 12 OZ
A576,JELLY - 12 OZ
A577,JELLY - 12 OZ
A578,SW GDS:SW ROLLS/DAN-LESS THN 6 - 12.7 OZ
A579,BREAD:SAVORY/SPECIALTY - 7 OZ
A580,YOGURT MULTI-PACKS - 6 CT
A581,SFT DRNK 2 LITER BTL CARB INCL - 2 LTR
A582,DECAF BEAN: REGULAR - 13 OZ
A583,POURABLE SALAD DRESSINGS - 24 OZ
A584,PRESERVES JAM MARMALADE - 11.5 OZ
A585,POURABLE SALAD DRESSINGS - 8 OZ
A586,PET TREATS - 24 OZ.
A587,SALT/WATER CONDITIONERS - 15 OZ
A588,ISOTONIC DRINKS SINGLE SERVE - 16 OZ
A589,PREMIUM BREAD - 24 OZ
A590,PEAS GREEN - 15 OZ
A591,SOY BEVERAGE - 28 OZ
A592,VINEGAR ALL-EXCEPT WINE/RIC - 16 OZ
A593,MISC - 32 OZ
A594,SPAGHETTI DRY - 48 OZ
A595,POURABLE SALAD DRESSINGS - 8 OZ
A596,SFT DRNK 2 LITER BTL CARB INCL - 2 LTR
A597,SPAGHETTI DRY - 32OZ
A598,ENGLISH MUFFINS/WAFFLES - 12 OZ
A599,FRZN BURGERS/BBQ/MEATBALL - 24 OZ
A600,CONES - 12 OZ
A601,MAYBELLINE - 12 OZ
A602,PREMIUM BREAD - 24 OZ
A603,SOUR CREAMS - 24 OZ
A604,SEAFOOD-MISC-BREADERS/BTR MIX - 4 OZ
A605,AUTOMATIC DISHWASHER DETERGENT - 26 OZ
A606,CRV DEPOSIT NT/F - 8.5 OZ
A607,SOFT DRINKS SINGLE CANS CARB ( - 6 PK
A608,TOMATO SAUCE - 29 OZ
A609,TOMATO SAUCE - 29 OZ
A610,POURABLE SALAD DRESSINGS - 8 OZ
A611,REGULAR BEAN - 11 OZ
A612,TOOLS - BATHROOM & TOILET - 8.75 OZ
A613,AUTHENTIC PASTA RICE BEANS - 18 OZ
A614,SPICES - 16 OZ
A615,PEARS - 8.5 OZ
A616,AIR CARE - SANITIZERS - 18 OZ
A617,POURABLE SALAD DRESSINGS - 8 OZ
A618,POURABLE SALAD DRESSINGS - 8 OZ
A619,REFRIG DIPS - 16 OZ
A620,POURABLE SALAD DRESSINGS - 24 OZ
A621,PRESERVES JAM MARMALADE - 32 OZ
A622,BEANS GREEN: FS/WHL/CUT - 14 1/4 OZ
A623,SOFT DRINKS SINGLE CANS CARB ( - 12 OZ
A624,FROZEN ENTREES - 8.25 OZ
A625,PRESERVES JAM MARMALADE - 15.5 OZ
A626,DECOR - 8 1/4 OZ
A627,SNACKS: CRACKERS/COOKIES - 15 OZ
A628,OTHER ETHNIC FOODS - 14.75 OZ
A629,CRANAPPLE CRAN GRAPE JUICE (5 - 15 OZ
A630,TOMATO SAUCE - 8 OZ
A631,JUICE (OVER 50% JUICE) - 17.5 OZ
A632,REFRIG DIPS - 16 OZ
A633,SFT DRNK 2 LITER BTL CARB INCL - 8 OZ
A634,POURABLE SALAD DRESSINGS - 16 OZ
A635,REFRIG DIPS - 8 OZ
A636,GROUND COFFEE - 12 OZ
A637,HISPANIC JUICES OVER 50% JUICE - N   40 OZ
A638,RICE - INSTANT & MICROWAVE - 12 OZ
A639,RICE SIDE DISH MIXES DRY - 12 OZ
A640,POURABLE SALAD DRESSINGS - 16 OZ
A641,REGULAR BEAN - 39 OZ
A642,PRESERVES JAM MARMALADE - 18 OZ
A643,PINEAPPLE - 20 OZ
A644,POURABLE SALAD DRESSINGS - 16 OZ
A645,PEAS & ONIONS PEAS & CARROT - 15 OZ
A646,ITALIAN FOODS - 20 OZ
A647,SOFT DRINK BOTTLE NON-CARB (EX - 2 LTR
A648,SOFT DRINKS 6PK/4PK CAN CARB ( - 12 OZ
A649,PRESERVES JAM MARMALADE - 12 OZ
A650,STUFFING MIXES - 8 OZ
A651,MARSHMALLOW CREME - 7 OZ
A652,PINEAPPLE - 20 OZ
A653,TOMATOES WHOLE - 28 OZ
A654,COCKTAIL MIXES-FRZ - 28 OZ
A655,PRESERVES JAM MARMALADE - 18 OZ
A656,MARSHMALLOWS - 8 OZ
A657,APPLE BUTTER - 8 OZ
A658,CRV DEPOSIT T/NF - 15.25 OZ
A659,MOLASSES & SYRUPS - 16 OZ
A660,FRZN BREAKFAST ENTREES/SANDWIC - 15.25 OZ
A661,KITES - 12 OZ
A662,PEARS - 29 OZ
A663,TEA SWEETENED - 14.5 OZ
A664,PIZZA SAUCE - 14 OZ
A665,DECAF BEAN: FLAVORED - 30 OZ
A666,SW GDS:SW ROLLS/DAN-LESS THN 6 - 12 OZ
A667,REFRIGERATED PASTA - 15 OZ
A668,POURABLE SALAD DRESSINGS - 24 OZ
A669,PIZZA SAUCE - 14 OZ
A670,BOXED PREPARED/ENTREE/DRY PREP - 12 CT
A671,BAGGED CHEESE SNACKS - 16 OZ
A672,CRV DEPOSIT T/NF - 8.5 OZ
A673,MEXICAN SOFT TORTILLAS AND WRA - 21 OZ
A674,SOFT DRINKS SINGLE CANS CARB ( - 12 OZ
A675,POURABLE SALAD DRESSINGS - 16 OZ
A676,PREMIUM BREAD - 20 OZ
A677,POURABLE SALAD DRESSINGS - 16 OZ
A678,AUTO DISH DETERGENT - GEL - 12 OZ
A679,OILS/VINEGAR - 8 OZ
A680,MISC.CND SEAFOODS (CRABETC) - 12 OZ
A681,FRUIT VARIETAL WINES - 11.5 OZ
A682,ALL FAMILY CEREAL - 12 OZ
A683,SPECIALTY CAKE - 22 OZ
A684,RICOTTA CHEESE - 12 OZ
A685,AIR CARE - CONTINUOUS ACTION - 12 OZ
A686,VINEGAR ALL-EXCEPT WINE/RIC - 32 OZ
A687,REFRIG DIPS - 16 OZ
A688,SALAD MUSTARD - 32 OZ
A689,SEAFOOD-MISC-SAUCES/MARIN-DRY - 4 OZ
A690,FLOOR - CARPET & UPHOLSTERY - 13 OZ
A691,PREMIUM COOKIES (EX: PEPPERIDG - 20 OZ
A692,DRY & SPRAY STARCH - 10 OZ
A693,REFRIG DIPS - 16 OZ
A694,REFRIG DIPS - 16 OZ
A695,PREMIUM PINTS - 14 OZ
A696,POURABLE SALAD DRESSINGS - 24 OZ
A697,CHILI SAUCE COCKTAIL SAUCE - 12 OZ
A698,SALAD MUSTARD - 8 OZ
A699,SOFT DRINKS CAN NON-CARB (EXCE - 12 OZ
A700,SOUR CREAMS - 16 OZ
A701,REGULAR BEAN - 11 OZ
A702,LEMON JUICE & LIME JUICE (OVER - 24 OZ
A703,MANDARIN ORANGES/CITRUS SECT - 4 OZ
A704,FLEA/TICK COLLAR - 15 OZ
A705,TOMATOES: STEWED/DICED/CRMD - 15 OZ
A706,MUFFIN & CORN BREAD MIX - 16 OZ
A707,TEA UNSWEETENED - 11.6 OZ
A708,ITALIAN WINES - 14.5 OZ
A709,AUTHENTIC THAI FOODS - 14.5 OZ
A710,ENERGY DRINK - 18 OZ
A711,MEAT INCLUDED - 18 OZ
A712,POURABLE SALAD DRESSINGS - 16 OZ
A713,PLSTC CTLRYTBLCLTHSTTHPKSST - 16 OZ
A714,SALAD DRESSING MIXES - .6 OZ
A715,PIZZA SAUCE - 12.8 OZ
A716,SFT DRNK 2 LITER BTL CARB INCL - 2 LTR
A717,SW GDS:DONUTS - 16.4 OZ
A718,RICOTTA CHEESE - 30 OZ
A719,GROUND FLVR DECAF COFFEE - 16 OZ
A720,REGULAR BEAN - 12 OZ
A721,SOFT DRINKS 6PK/4PK CAN CARB ( - 12 OZ
A722,FLOUR: MISC SPECIALTY BLEND - 26 OZ
A723,PEANUT BUTTER - 18 OZ
A724,MEAT SNACKS - 18 OZ
A725,TOMATO PASTE - 6 OZ
A726,VENDOR SIZE/SINGLE SERVE COOKI - 29 OZ
A727,PEAS GREEN - 8.5 OZ
A728,PNUT BTR/JELLY - 16 OZ
A729,MEAT ADDED - 15 OZ
A730,SOFT DRINKS CAN NON-CARB (EXCE - 12 OZ
A731,SEAFOOD-MISC-BREADERS/BTR MIX - 28 OZ
A732,SFT DRNK 2 LITER BTL CARB INCL - 2 LTR
A733,REFRIGERATED COOKIES-SEASONAL - 15 OZ
A734,POURABLE SALAD DRESSINGS - 16 OZ
A735,PRESERVES JAM MARMALADE - 12 OZ
A736,MEDITERRANEAN/GREEK FOODS - 15 OZ
A737,SNACK CAKE - SINGLE SERVE - 4 OZ
A738,SOFT DRINKS 6PK/4PK CAN CARB ( - 5 OZ
A739,SPAGHETTI DRY - 16 OZ
A740,PEAS GREEN - 14 OZ
A741,TOMATOES WHOLE - 28 OZ
A742,BANDANA/SCARVES - 11 OZ
A743,CONVENTIONAL LITTER - 12 OZ
A744,SPINACH & GREENS - 14 OZ
A745,POURABLE SALAD DRESSINGS - 16 OZ
A746,DRY CAT FOOD (CAT CHOW/FRISKIE - 11 OZ
A747,SFT DRNK 2 LITER BTL CARB INCL - 2 LTR
A748,MISC. CND FRUIT (GRAPESFIGSE - 12 OZ
A749,MICROWAVABLE SOUPS - 18 OZ
A750,SUGAR - 8 OZ
A751,SUGAR - 8 OZ
A752,REFRIGERATED PASTA SAUCE - 15 OZ
A753,SFT DRNK 3 LITER BTL CARB (EXC - 3 LTR
A754,RINSE AIDS AND ACCESSORIES - 12 OZ
A755,PREMIUM BREAD - 24OZ
A756,YOGURT MULTI-PACKS - 6 CT
A757,WET N WILD - 8.25 OZ
A758,MULT PK BAG SNACKS - 16 OZ
A759,CRANAPPLE CRAN GRAPE JUICE (O - 15 OZ
A760,CHEESE:SPECIALTY PREPACK - 14 3/4 OZ
A761,BASIC OPENSTOCK - 24 OZ
A762,PEACHES - 15 OZ
A763,AIR CARE - CANDLES - 8 OZ
A764,VINEGAR ALL-EXCEPT WINE/RIC - 12.7 OZ
A765,BABY FOOD - BEGINNER - 15 OZ
A766,APPLE BUTTER - 17 OZ
A767,SFT DRNK SNGL SRV BTL CARB (EX - 18 OZ
A768,SFT DRNK SNGL SRV BTL CARB (EX - 18 OZ
A769,SNACK CAKE - SINGLE SERVE - 4 OZ
A770,APRICOTS - 15 OZ
A771,REFRIG DIPS - 16 OZ
A772,KOSHER FOODS - 12 OZ
A773,FABRIC SOFTENER LIQUID - 12 OZ
A774,PRESERVES JAM MARMALADE - 12 OZ
A775,SFT DRNK 2 LITER BTL CARB INCL - 2 LTR
A776,PEARS - 15.25 OZ
A777,COOKIES - 12 OZ
A778,EGG NOG/BOILED CUSTARD - 11.5 OZ
A779,CORN CHIPS - 5 LB
A780,MACARONI & CHEESE DNRS - 12 OZ
A781,NOVELTY CANDY - 12 OZ
A782,DESIGNER PAPER: MEDIUM WEIGHT - 8.75 OZ
A783,DAIRY CASE FRUIT DRINKS (NO JU - 29 OZ
A784,SPAGHETTI DRY - 16 OZ
A785,MULTI-PACK CRACKERS - 16 OZ
A786,GRAPEFRUIT JUICE (50% AND UNDE - 12 OZ
A787,BEVERAGE - 5 OZ
A788,PRESERVES JAM MARMALADE - 18 OZ
A789,GELATIN - 18 OZ
A790,SOFT DRINKS CAN NON-CARB (EXCE - 12 PK
A791,SPAGHETTI DRY - 16 OZ
A792,CORN DOGS - 5 LB
A793,MEDITERRANEAN/GREEK FOODS - 18 OZ
A794,SNACK CRACKERS - 6 OZ
A795,FLOOR - DILUTABLES - 18 OZ
A796,SOFT DRINKS CAN NON-CARB (EXCE - 12 PK
A797,MUSHROOMS CND & GLASS - 16 OZ
A798,MUSHROOMS CND & GLASS - 16 OZ
A799,POURABLE SALAD DRESSINGS - 16 OZ
A800,POURABLE SALAD DRESSINGS - 16 OZ
A801,POURABLE SALAD DRESSINGS - 16 OZ
A802,REGULAR BEAN - 12 OZ
A803,TRADITIONAL - 40 OZ
A804,GRAHAM CRACKERS - 21 OZ
A805,NATURAL CHEESE EXACT WT CHUNKS - 16 OZ
A806,JUICE (OVER 50% JUICE) - 5 OZ
A807,YOGURT MULTI-PACKS - 8 CT
A808,DRIED FRUIT - OTHER - 24 OZ
A809,POPCORN - OTHER - 16 OZ
A810,POURABLE SALAD DRESSINGS - 16 OZ
A811,REFRIG DIPS - 8 OZ
A812,SFT DRNK MISC BTL (ANY BTL NOT - 8 OZ
A813,VINEGAR ALL-EXCEPT WINE/RIC - 16 OZ
A814,TOMATO PASTE - 12 OZ
A815,RIPE OLIVES - 12 OZ
A816,MISC REFRIG DOUGH PRODUCTS - 48 OZ
A817,PEARS - 15.25 OZ
A818,SOFT DRINK BOTTLE NON-CARB (EX - 2 LTR
A819,TOOLS - BATHROOM & TOILET - 15 OZ
A820,MISC BAG SNACKS - 32 OZ
A821,PEANUT BUTTER - 16 OZ
A822,FRZN MISC SEAFOOD - 14.5 OZ
A823,RTD COCKTAILS 750ML PLUS - 9.5 OZ
A824,REFRIG DIPS - 8 OZ
A825,ROLLS: BAGELS - 12 OZ
A826,SANDWICH SAUCE HORSERADISH SA - 18 OZ
A827,NATURAL CHEESE EXACT WT SLICES - 16 OZ
A828,CHILI: CANNED - 16 OZ
A829,CENTRAL AMERICAN FOODS - 12 OZ
A830,TREATS - 15 OZ
A831,SPANISH RICE (CANNED ONLY) - 16 OZ
A832,SOFT DRINKS SINGLE CANS CARB ( - 72 OZ
A833,VINEGAR ALL-EXCEPT WINE/RIC - 32 OZ
A834,SOFT DRINKS CAN NON-CARB (EXCE - 12 OZ
A835,TREATS - 18 OZ
A836,VIENNA SAUSAGE - 5 OZ
A837,POURABLE SALAD DRESSINGS - 16 OZ
A838,AUTHENTIC VEGETABLES AND FOODS - L     8 OZ
A839,AQUARIUM NEEDS - 40 OZ
A840,NATURAL CHEESE RANDOM WT - 16 OZ
A841,COOKIES: HOLIDAY/SPECIAL OCCAS - 12 OZ
A842,TOMATO SAUCE - 15 OZ
A843,SOFT DRINKS CAN NON-CARB (EXCE - 12 OZ
A844,TOILET BOWL MANUAL - 16OZ
A845,COOKING BAGS WITH SPICES/SEASO - 2 LB
A846,JUICE (100% JUICE) - 18 OZ
A847,PEAS GREEN - 8.5 OZ
A848,HISPANIC JUICE UNDER 50% JUICE - N   12 OZ
A849,SAUCES/MARINADES - 16 OZ
A850,SALAD MUSTARD - 24 OZ
A851,APPLE JUICE & CIDER (50% AND U - 8 OZ
A852,PEAS GREEN - 8.5 OZ
A853,PREMIUM BREAD - 24 OZ
A854,APPLE JUICE & CIDER (OVER 50% - 8 OZ
A855,FROZEN CREAM PIES - 18 OZ
A856,TOMATO SAUCE - 8 OZ
A857,HASH: CANNED - 32 OZ
A858,SOUR CREAMS - 16 OZ
A859,SNACKS: DRY - 15 OZ
A860,PINEAPPLE - 20 OZ
A861,SOFT DRINKS 20PK&24PK CAN CARB - 8.25 OZ
A862,SFT DRNK 3 LITER BTL CARB (EXC -  
A863,SFT DRNK 3 LITER BTL CARB (EXC -  
A864,BREAD:ITALIAN/FRENCH - 12 CT
A865,REGULAR BEAN - 10 OZ
A866,SEAFOOD-MISC-SAUCES/MARIN-WET - 4 OZ
A867,BAKING - 8.25 OZ
A868,PEARS - 8.5 OZ
A869,GRANOLA BARS - 21 OZ
A870,PRESERVES JAM MARMALADE - 18 OZ
A871,SFT DRNK 2 LITER BTL CARB INCL - 2 LTR
A872,PINEAPPLE - 20 OZ
A873,PINEAPPLE - 20 OZ
A874,PIZZA SAUCE - 14 OZ
A875,NOVELTY CANDY - 4 LB
A876,NOVELTY CANDY - 4 LB
A877,SPAGHETTI DRY - 32OZ
A878,SPAGHETTI DRY - 32OZ
A879,MAINSTREAM WHEAT/MULTIGRAIN BR - 6 OZ
A880,MAINSTREAM WHEAT/MULTIGRAIN BR - 6 OZ
A881,SFT DRNK 2 LITER BTL CARB INCL - 2 LTR
A882,PEARS - 8.25 OZ
A883,VINEGAR ALL-EXCEPT WINE/RIC - 64 OZ
A884,MISC. PET SUPPLIES - 14.5 OZ
A885,SOFT DRINKS 6PK/4PK CAN CARB ( - 12 OZ
A886,FRZN BREAKFAST ENTREES/SANDWIC - 12 OZ
A887,COOKING CHOCOLATE (EX SMI-SWT) - 2 LB
A888,POURABLE SALAD DRESSINGS - 16 OZ
A889,DOG BISCUITS (HARD BISCUIT) - 8 OZ
A890,FRZN BAGELS - 13 OZ
A891,ICE - CRUSHED/CUBED - 11 OZ
A892,MACARONI DRY - 12 OZ
A893,SAL:OLIVES/PICKLS-PRPCK - 24 OZ
A894,PRESERVES JAM MARMALADE - 12 OZ
A895,PICKLD VEG PEPPERS ETC - 24 OZ
A896,AUTHENTIC PEPPERS - 14.5 OZ
A897,HISPANIC JUICES OVER 50% JUICE - 15 OZ
A898,YOGURT MULTI-PACKS - 8 CT
A899,FLOUR: WHITE & SELF RISING - 26 OZ
A900,SEMI MOIST CAT FOOD: BOX - 16 OZ
A901,RICOTTA CHEESE - 15 OZ
A902,PINEAPPLE - 20OZ
A903,FROZEN MEAT (VEGETARIAN) - 39 OZ
A904,FREEZER BAGS - 34.5 OZ
A905,EGGS - JUMBO - 11.5 OZ
A906,NATURAL FOODS SNACKS - 16 OZ
A907,CHERRIES (EXCEPT MARASCHINO) - 14.5 OZ
A908,SPECIALTY COOKIES - 22 OZ
A909,PINEAPPLE - 20OZ
A910,BEANS WAX SHELLIES - 14 OZ
A911,DINNER ROLLS - 3OZ
A912,POURABLE SALAD DRESSINGS - 12 OZ
A913,GRAPE JUICE (50% AND UNDER JCE - 21 OZ
A914,SALADS CND (BEAN POTATO) - L     1 LB
A915,HISPANIC CHEESE - 8 OZ
A916,OLIVE OIL - 20 OZ
A917,POURABLE SALAD DRESSINGS - 16 OZ
A918,VINEGAR ALL-EXCEPT WINE/RIC - GAL
A919,PINEAPPLE - 20OZ
A920,PREMIUM BREAD - 24OZ
A921,SOUR CREAMS - 16 OZ
A922,APPLES CRABAPPLES - 8 OZ
A923,NOODLES DRY - 32 OZ
A924,SFT DRNK 2 LITER BTL CARB INCL - 2 LTR
A925,BEANS WAX SHELLIES - 14.5 OZ
A926,SOFT DRINKS SINGLE CANS CARB ( - 12 OZ
A927,POURABLE SALAD DRESSINGS - 16 OZ
A928,REGULAR BEAN - 12 OZ
A929,NECTARS (50% AND UNDER JCE) - 16 OZ
A930,FITNESS&DIET - BARS - 11 OZ
A931,PEANUT BUTTER - 18 OZ
A932,POURABLE SALAD DRESSINGS - 16 OZ
A933,VIENNA SAUSAGE - 29 OZ
A934,SANDWICH SAUCE HORSERADISH SA - 11.25 OZ
A935,GUM (PACKAGED) - 24 OZ
A936,SOFT DRINKS SINGLE CANS CARB ( - 72 OZ
A937,POURABLE SALAD DRESSINGS - 12 OZ
A938,PIZZA SAUCE - 14 OZ
A939,SPAGHETTI DRY - 16 OZ
A940,REGULAR BEAN - 13 OZ
A941,PRESERVES JAM MARMALADE - 15.5 OZ
A942,CLEANSING WIPES - 8.25 OZ
A943,BLENDED JUICE&COMBINATIONS (50 - 28 OZ
A944,LUNCHEON MEAT - 12 OZ
A945,SOUR CREAMS - 12 OZ
A946,MISCELLANEOUS PACKAGE MIXES - 8 OZ
A947,SPINACH & GREENS - 7.75 OZ
A948,SFT DRNK 2 LITER BTL CARB INCL - 2 LTR
A949,TOMATOES WHOLE - 14.5 OZ
A950,SALAD MUSTARD - 16 OZ
A951,TRAY PACK/CHOC CHIP COOKIES - 40 OZ
A952,REFRIGERATED COOKIES-CHUB - 11 OZ
A953,REGULAR BEAN - 12 OZ
A954,PICKLES - 24 OZ
A955,KIDS MILK DRINKS-ASEPTIC - 15.25 OZ
A956,SOFT DRINKS SINGLE CANS CARB ( - 12 OZ
A957,ROLLS: DINNER - 12 OZ
A958,NUTS OTHER - 48 OZ
A959,REGULAR BEAN - 12 OZ
A960,POURABLE SALAD DRESSINGS - 16 OZ
A961,TOMATOES WHOLE - 14.5 OZ
A962,TOOLS - FLOOR & FURNITURE - 15 OZ
A963,POURABLE SALAD DRESSINGS - 16 OZ
A964,CARROTS - 12 OZ
A965,BAGGED POPPED POPCORN - 16 OZ
A966,SFT DRNK 2 LITER BTL CARB INCL - 2 LTR
A967,PRESERVES JAM MARMALADE - 12 OZ
A968,POURABLE SALAD DRESSINGS - 16 OZ
A969,SALT SUBSTITUTES - 12 OZ
A970,EGGS - LARGE - 11.5 OZ
A971,SOFT DRINKS 6PK/4PK CAN CARB ( - 12OZ
A972,SOUR CREAMS - 8 OZ
A973,SNACK CAKE - MULTI PACK - 15 OZ
A974,AUTHENTIC ASIAN FOODS - 14 1/2 OZ
A975,NON DAIRY CREAMER: DRY - 16 OZ
A976,STANDARD OATMEAL - 6 OZ
A977,PEANUT BUTTER - 18 OZ
A978,APPLE SAUCE - 8 OZ
A979,BARS - GRANOLA/SNACK - 11 OZ
A980,SFT DRNK 2 LITER BTL CARB INCL - 2 LTR
A981,SOUR CREAMS - 8 OZ
A982,MEXICAN TACO TOSTADO SHELLS - 21 OZ
A983,AUTHENTIC JAPANESE FOODS - 8.25 OZ
A984,AUTHENTIC JAPANESE FOODS - 8.25 OZ
A985,MISC CHEMICALS - 32 OZ
A986,NON FAT DRY MILK - 16 OZ
A987,COOKIES: PARTY - 12 OZ
A988,MAINSTREAM WHITE BREAD -  
A989,PRESERVES JAM MARMALADE - 11.5 OZ
A990,POURABLE SALAD DRESSINGS - 12 OZ
A991,PEAS & ONIONS PEAS & CARROT - 8.50 OZ
A992,EGGS - MEDIUM - 11.5 OZ
A993,BASIC OPENSTOCK - 11 OZ
A994,SOFT DRINKS SINGLE CANS CARB ( - 12 OZ
A995,COOKING BAGS - 12.7 OZ
A996,REFRIG DIPS - 16 OZ
A997,SOFT DRINKS 6PK/4PK CAN CARB ( - 6 PK
A998,BURRITOS - 18 CT
A999,SAL:SALSA/DPS-PRPCK - 11 OZ
A1000,VINEGAR ALL-EXCEPT WINE/RIC - 64 OZ
A1001,SOUR CREAMS - 8 OZ
A1002,SOUR CREAMS - 8 OZ
A1003,SV BEV: BEV/JUIC 10-50% JCE - 16 OZ
A1004,SALAD MUSTARD - 8 OZ
A1005,MISC CND MEATS - 32 OZ
A1006,VINEGAR ALL-EXCEPT WINE/RIC - 16 OZ
A1007,NON-CARB JCE (UNDER 50%JCE) - 2 LB
A1008,FRZN BOXED VEGETABLES - PLAIN - 39 OZ
A1009,FRZN BOXED VEGETABLES - PLAIN - 39 OZ
A1010,REFRIG DIPS - 16 OZ
A1011,PEARS - 15.25 OZ
A1012,SOUR CREAMS - 16 OZ
A1013,BERRIES CND (BLUBLKRASP) - 16 OZ
A1014,SOUR CREAMS - 16 OZ
A1015,VANILLA WAFER/KIDS COOKIES - 15.25 OZ
A1016,YOGURT MULTI-PACKS - 6 CT
A1017,GRAPE JUICE (OVER 50% JUICE) - 21 OZ
A1018,AUTHENTIC PEPPERS - 8 OZ 964
A1019,BASIC PAPER PLATES - 11 OZ
A1020,FRZN BREAKFAST PASTRY - 12 OZ
A1021,OVEN - 20 OZ
A1022,CRANBERRY JUICE (OVER 50% JCE) - 14.25 OZ
A1023,PREMIUM BREAD - 24OZ
A1024,METAL POLISH&RUST REMOVERS - 18 OZ
A1025,REFRIGERATED COOKIES-SEASONAL - 11 OZ
A1026,BEERALEMALT LIQUORS - 15 OZ
A1027,MAINSTREAM WHEAT/MULTIGRAIN BR - 16 OZ
A1028,TOMATO SAUCE - 29 OZ
A1029,PEARS - 15.25 OZ
A1030,SANDWICH SAUCE HORSERADISH SA - 18 OZ
A1031,LIQUID LAUNDRY DETERGENTS - 9 OZ
A1032,FRUIT VARIETAL WINES - 14.5 OZ
A1033,RINSE AIDS AND ACCESSORIES - 18 OZ
A1034,PEAS GREEN - 15 OZ
A1035,SALADS - 15.25 OZ
A1036,BATHROOM CLEANERS - GENERAL - 11 OZ
A1037,CORN OIL - 5 LB
A1038,MEXICAN BEANS REFRIED - 18 OZ
A1039,ROLLS: BAGELS - 24 OZ
A1040,APPLES CRABAPPLES - 8 OZ
A1041,SV BEV: BEV/JUIC 10-50% JCE - N    16 OZ
A1042,SPAGHETTI DRY - 32 OZ
A1043,PEANUT BUTTER - 18 OZ
A1044,MISC DIET - 15 1/4 OZ
A1045,SOUR CREAMS - 24 OZ
A1046,VIENNA SAUSAGE - 5 OZ
A1047,ICE CREAM SANDWICHES - 11 OZ
A1048,VINEGAR ALL-EXCEPT WINE/RIC - GAL
A1049,ABRASIVES - 16 OZ
A1050,SFT DRNK MISC BTL (ANY BTL NOT - 16 OZ
A1051,EGGS - X-LARGE - 11.5 OZ
A1052,REFRIGERATED KOSHER PRODUCTS - 24 OZ
A1053,CUPS/PUSH UPS/OTHER - 15.25 OZ
A1054,SANDWICH SAUCE - 15.5 OZ
A1055,JUICE (UNDER 10% JUICE) - 18 OZ
A1056,NON FOOD KOSHER ITEMS - 14.75 OZ
A1057,PRESERVES JAM MARMALADE - 18 OZ
A1058,REFRIGERATED PUDDING - 15 OZ
A1059,WAX PAPER & FREEZER PAPER - 8.75 OZ
A1060,SOFT DRINK BOTTLE NON-CARB (EX -  
A1061,RTD COCKTAILS 750ML PLUS - 12 OZ
A1062,FROZEN PASTA - 39 OZ
A1063,CHICKEN-FULLY COOKED - 18 OZ
A1064,CARBONATED WATER - FLVRD SWEET - 30 CT
A1065,THERMOS - 16 OZ
A1066,DESSERTS & VERMOUTH - 14.5 OZ
A1067,BOX WINES - 14 1/4 OZ
A1068,SOFT DRINKS SINGLE CANS CARB ( - 12 OZ
A1069,REFRIG DIPS - 8 OZ
A1070,SOUR CREAMS - 8 OZ
A1071,EGGS SUBSTITUTE - 11.5 OZ
A1072,SFT DRNK MLT-PK BTL CARB (EXCP - 18 OZ
A1073,POLISH FOODS - 16 OZ
A1074,DIET/LIGHT BREAD - 3 OZ
A1075,POURABLE SALAD DRESSINGS - 16 OZ
A1076,PEAS GREEN - 15 OZ
A1077,PIE CRUST MIXES & SHELLS - 24 OZ
A1078,AIR CARE - DISINFECTANT SPRAYS - 12 OZ
A1079,REFRIG DIPS - 16 OZ
A1080,MISC CND MEATS - 12 OZ
A1081,PANCAKE MIXES - 15.25 OZ
A1082,SWEET GOODS - FULL SIZE - 12 OZ
A1083,REFRIG DIPS - 8 OZ
A1084,PIE FILLING MINCEMEAT GLAZES - 24 OZ
A1085,PIE FILLING MINCEMEAT GLAZES - 24 OZ
A1086,PRESERVES JAM MARMALADE - 18 OZ
A1087,PRESERVES JAM MARMALADE - 18 OZ
A1088,DAIRY CASE JUICE DRNK UNDER 10 - 29 OZ
A1089,ENERGY DRINK - 11.5 OZ
A1090,SPAGHETTI DRY - 16 OZ
A1091,HISPANIC COOKIES/CRACKERS - 14.5 OZ
A1092,ICE CREAM TOPPINGS - 11 OZ
A1093,ICE CREAM TOPPINGS - 11 OZ
A1094,ADULT CEREAL - 16 OZ
A1095,DRAIN CLEANING - :  1.75 OZ
A1096,POURABLE SALAD DRESSINGS - 16 OZ
A1097,POURABLE SALAD DRESSINGS - 16 OZ
A1098,VINEGAR ALL-EXCEPT WINE/RIC - N    32 OZ
A1099,NATURAL FOODS SNACKS - 16 OZ
A1100,NATURAL FOODS SNACKS - 16 OZ
A1101,SALAD MUSTARD - 16 OZ
A1102,CHEESE:CHEESEBALLS/SPREADS - 16 OZ
A1103,CHEESE:CHEESEBALLS/SPREADS - 16 OZ
A1104,PREMIUM PINTS - 20 OZ
A1105,PREMIUM PINTS - 20 OZ
A1106,PIES: FRUIT/NUT - 24 OZ
A1107,PIES: FRUIT/NUT - 24 OZ
A1108,OVEN CLEANERS - 20 OZ
A1109,OVEN CLEANERS - 20 OZ
A1110,WEATHERIZATION - 5 OZ
A1111,WEATHERIZATION - 5 OZ
A1112,FLOOR - DILUTABLES - 13 OZ
A1113,FLOOR - DILUTABLES - 13 OZ
A1114,REPTILE NEEDS - 15.25 OZ
A1115,REPTILE NEEDS - 15.25 OZ
A1116,PRESERVES JAM MARMALADE - 32 OZ
A1117,BREAD:PARTY BREADS - 12 CT
A1118,BREAD:PARTY BREADS - 12 CT
A1119,DECAF BEAN: REGULAR - 30 OZ
A1120,DECAF BEAN: REGULAR - 30 OZ
A1121,PREPARED BEANS - BAKED W/PORK - 20 OZ
A1122,RTS SOUP: CHUNKY/HOMESTYLE ET - 12 OZ
A1123,RTS SOUP: CHUNKY/HOMESTYLE ET - 12 OZ
A1124,POTATOES WHITE - 15 OZ
A1125,POTATOES WHITE - 15 OZ
A1126,SOUR CREAMS - 16 OZ
A1127,SOUR CREAMS - 16 OZ
A1128,PROMOTIONAL BATH - 24 OZ
A1129,PROMOTIONAL BATH - 24 OZ
A1130,GRASS/SHRED - 16 OZ
A1131,GRASS/SHRED - 16 OZ
A1132,BISCUIT FLOUR & MIXES - 20 OZ
A1133,BISCUIT FLOUR & MIXES - 20 OZ
A1134,SOFT DRINK BOTTLE NON-CARB (EX -  
A1135,SOFT DRINK BOTTLE NON-CARB (EX -  
A1136,POURABLE SALAD DRESSINGS - 24 OZ
A1137,PEARS - 15.25 OZ
A1138,PEARS - 15.25 OZ
A1139,SOFT DRINKS CAN NON-CARB (EXCE - 12 PK
A1140,SOFT DRINKS CAN NON-CARB (EXCE - 12 PK
A1141,VIENNA SAUSAGE - 5 OZ
A1142,COLOR SETS - 24 OZ
A1143,PIMENTOS - 24 OZ
A1144,PIMENTOS - 24 OZ
A1145,PEANUT BUTTER - 28 OZ
A1146,PEANUT BUTTER - 28 OZ
A1147,REFRIG DIPS - 8 OZ
A1148,CLOSET ACCESSORIES - 13 OZ
A1149,TUNA - 15 OZ
A1150,TUNA - 15 OZ
A1151,SOFT DRINKS SINGLE CANS CARB ( - 6 PK
A1152,SOFT DRINKS SINGLE CANS CARB ( - 6 PK
A1153,ISOTONIC DRINKS MULTI-SERVE - 16.4 OZ
A1154,CHILI: CANNED - 12 OZ
A1155,CHILI: CANNED - 12 OZ
A1156,FRZN SWEET ROLLS&MUFFINS - 15.25 OZ
A1157,FRZN SWEET ROLLS&MUFFINS - 15.25 OZ
A1158,PINEAPPLE - 20 OZ
A1159,PINEAPPLE - 20 OZ
A1160,PEAS & ONIONS PEAS & CARROT - 15 OZ
A1161,PEAS & ONIONS PEAS & CARROT - 15 OZ
A1162,PEANUT BUTTER - 18 OZ
A1163,SOUR CREAMS - 8 OZ
A1164,BUTTER - 18 CT
A1165,BUTTER - 18 CT
A1166,PRESERVES JAM MARMALADE - 18 OZ
A1167,POURABLE SALAD DRESSINGS - 16 OZ
A1168,VARIETY BEANS - KIDNEY PINTO - 15.25 OZ
A1169,VINEGAR ALL-EXCEPT WINE/RIC - 12.7 OZ
A1170,PRESERVES JAM MARMALADE - 18 OZ
A1171,CORN STARCH - 5 LB
A1172,REFRIGERATED SPECILATY ROLLS - 15 OZ
A1173,PINEAPPLE - 20 OZ
A1174,FRZN BAKED/STUFFED/MASHED&SPEC - 26 OZ
A1175,PINEAPPLE - 24 OZ
A1176,PRESERVES JAM MARMALADE - 20 OZ
A1177,INSTANT BREAKFAST - 11 OZ
A1178,VINEGAR ALL-EXCEPT WINE/RIC - N    32 OZ
A1179,REFRIG DIPS - 16 OZ
A1180,PEARS - 15.25 OZ
A1181,CANDY REFRIGERATED - 15 1/4 OZ
A1182,PEARS - 15.25 OZ
A1183,YOGURT MULTI-PACKS - 8 CT
A1184,AUSTRALIAN/NZ WINES - 18 OZ
A1185,NON FOOD KOSHER ITEMS - 16 OZ
A1186,CHOCOLATE MILK - 12 OZ
A1187,SOUR CREAMS - 24 OZ
A1188,SNACKS: CRACKERS/COOKIES - 15 OZ
A1189,TOMATO PASTE - 6 OZ
A1190,FRZN CORN ON THE COB - 12 OZ
A1191,TICKETS - 16 OZ
A1192,PORK-FULLY COOKED - 16 OZ
A1193,DESIGNER FRAGRANCES - 24 OZ
A1194,SOUR CREAMS - 8 OZ
A1195,REFRIG DIPS - 16 OZ
A1196,SEAFOOD-MISC-SPICES - 4 OZ
A1197,SPAGHETTI DRY - 16 OZ
A1198,AUTHENTIC SOUPS BOUILLONS - 8-OZ 966
A1199,VINEGAR ALL-EXCEPT WINE/RIC - 29 OZ
A1200,PEANUT BUTTER - 18 OZ
A1201,SFT DRNK 3 LITER BTL CARB (EXC - 101.4 OZ
A1202,SOUR CREAMS - 16 OZ
A1203,YOGURT MULTI-PACKS - 8 CT
A1204,NON-ALCOHLIC WINES - 16 OZ
A1205,MISC - 16 OZ
A1206,MISC - 16 OZ
A1207,SOUR CREAMS - 8 OZ
A1208,SOUR CREAMS - 8 OZ
A1209,GRAPEFRUIT JUICE (OVER 50% JUI - 21 OZ
A1210,PINEAPPLE - 20 OZ
A1211,PRESERVES JAM MARMALADE - 15.5 OZ
A1212,MISC DIET - 32 OZ
A1213,OTHER CITRUS JUICES (50% AND U - 15 OZ
A1214,FRZN PIE SHELLS PASTRY SHELL - 13 OZ
A1215,ITALIAN FOODS - 16 OZ
A1216,DOG TREATS (SOFT TREATS) - 8 OZ
A1217,SFT DRNK 3 LITER BTL CARB (EXC - 101.4 OZ
A1218,PEAS GREEN - 15 OZ
A1219,BAKING - 16 OZ
A1220,SOUR CREAMS - 16 OZ
A1221,SANDWICH SAUCE - 26.5 OZ
A1222,CAN CATFD GOURMET/SUP PREM (GR - 18 OZ
A1223,FRZN DINNER ROLLS - 12 OZ
A1224,SPAGHETTI DRY - 2 LB
A1225,FRZN BAGGED VEGETABLES - PLAIN - 13 OZ
A1226,SOUR CREAMS - 16 OZ
A1227,COCKTAIL MIXES-DRY - 13 OZ
A1228,COCKTAIL MIXES-DRY - 13 OZ
A1229,REFRIG DIPS - 8 OZ
A1230,VEGETABLES/DRY BEANS - 14.5 OZ
A1231,VEGETABLES/DRY BEANS - 14.5 OZ
A1232,NON-CARB FLVRD DRNKNG/MNRL WAT - 16 OZ
A1233,AIR CARE - CONTINUOUS - NON EL - 8.25 OZ
A1234,SOUR CREAMS - 24 OZ
A1235,PRETZELS - 20 OZ
A1236,TOMATOES WHOLE - 28 OZ
A1237,APRICOTS - 8 OZ
A1238,CAN/BTL BEVERAGE - 6 CT
A1239,BEERALE -NON ALCOHOLIC - 18 OZ
A1240,NO-NONSENSE - 16 OZ
A1241,NO-NONSENSE - 16 OZ
A1242,SALADS - 16 OZ
A1243,PACKAGE DINNERS: OTHER - 20 OZ
A1244,SEASONAL CANDY BAGS-CHOCOLATE - 4 OZ
A1245,TORTILLA/NACHO CHIPS - 15 OZ
A1246,SAL: DESSERTS-PREPACK - 12 OZ
A1247,PINEAPPLE - 20 OZ
A1248,DAIRY CASE 100% PURE JUICE - O - 15.25 OZ
A1249,BREAD:ITALIAN/FRENCH - 24 OZ
A1250,BREAD:ITALIAN/FRENCH - 24 OZ
A1251,SAL:OLIVES/PICKLS-PRPCK - 12 OZ
A1252,NON-CRBNTD DRNKING/MNERAL WATE - 2 LB
A1253,AQUARIUM NEEDS - 8 OZ
A1254,VEG JUICE (EXCEPT TOMATO) (50% - 15.25 OZ
A1255,HISPANIC JUICE UNDER 50% JUICE - 14.25 OZ
A1256,KRAUT & CABBAGE - 12 OZ
A1257,SAL:SALSA/DPS-PRPCK - 12 OZ
A1258,KITES - 16 OZ
A1259,PNUT BTR/JELLY - 14.5 OZ
A1260,CAKE DECORS - BIRTHDAY CANDLES - 18 OZ
A1261,PINEAPPLE - 20 OZ
A1262,FRZN EGG SUBSTITUTES - 12 OZ
A1263,BREAD:SAVORY/SPECIALTY - 12 CT
A1264,BREAD:SAVORY/SPECIALTY - 12 CT
A1265,SPECIALTY CRACKERS - 22 OZ
A1266,PEPPERONI/SALAMI - 8.5 OZ
A1267,ADULT PREMIUM - 16 OZ
A1268,ADULT PREMIUM - 16 OZ
A1269,PANCAKE MIXES - 20 OZ
A1270,PANCAKE MIXES - 20 OZ
A1271,PROCESSED OTHER - 20 OZ
A1272,PINEAPPLE - 20 OZ
A1273,PINEAPPLE - 20 OZ
A1274,GROUND FLVR REG COFFEE - 16 OZ
A1275,POURABLE SALAD DRESSINGS - 16 OZ
A1276,POURABLE SALAD DRESSINGS - 16 OZ
A1277,OVEN - 12 OZ
A1278,OVEN - 12 OZ
A1279,SFT DRNK 3 LITER BTL CARB (EXC - 3 LTR
A1280,SFT DRNK 3 LITER BTL CARB (EXC - 3 LTR
A1281,SPECIALTY CAKE - 8.25 OZ
A1282,SPECIALTY CAKE - 8.25 OZ
A1283,CANDY BOXED CHOCOLATES - 15.25 OZ
A1284,CANDY BOXED CHOCOLATES - 15.25 OZ
A1285,CRANBERRY JUICE (50% AND UNDER - 15 OZ
A1286,GERMAN FOODS - 14.50 OZ
A1287,RAMEN NOODLES/RAMEN CUPS - 14 OZ
A1288,PINEAPPLE - 20 OZ
A1289,REFRIGERATED COFFEE CREAMERS - 2PK/40OZ
A1290,ISOTONIC DRINKS POWDERED - 12.8 OZ
A1291,POURABLE SALAD DRESSINGS - 16 OZ
A1292,WEATHERIZATION - 8.75 OZ
A1293,SANDWICH SAUCE HORSERADISH SA - 18 OZ
A1294,SALAD MUSTARD - 8 OZ
A1295,FORTIFIED/ENERGY WATER - 14.25OZ
A1296,SOUR CREAMS - 16 OZ
A1297,CHOCOLATE SYRUP - 12 OZ
A1298,SOUR CREAMS - 12 OZ
A1299,GRASS/SHRED - 21 OZ
A1300,POURABLE SALAD DRESSINGS - 16 OZ
A1301,SFT DRNK 2 LITER BTL CARB INCL - 2 LTR
A1302,SFT DRNK 2 LITER BTL CARB INCL - 2 LTR
A1303,SALAD DRESSING MIXES - 12 OZ
A1304,AIR CARE - CONTINUOUS - NON EL - 8 OZ
A1305,MISC. CEREAL - 14.75 OZ
A1306,PIZZA SAUCE - 14 OZ
A1307,VINEGAR ALL-EXCEPT WINE/RIC - 16 OZ
A1308,BREAD:TORTILLAS/PITA - 14.5 OZ
A1309,SOUR CREAMS - 16 OZ
A1310,PREMIUM BREAD - 24 OZ
A1311,LAWN & LEAF BAGS - 12 OZ
A1312,SOUR CREAMS - 16 OZ
A1313,PINEAPPLE JUICE (OVER 50% JUIC - 24 OZ
A1314,OTHER ASIAN FOODS - 15 OZ
A1315,DECOR - 24OUNCE
A1316,SPAGHETTI DRY - 16 OZ
A1317,INSTANT COFFEE FLAVORED NO SWE - 11 OZ
A1318,SOUR CREAMS - 8 OZ
A1319,DOG & CAT TOYS - 14.50 OZ
A1320,SFT DRNK 2 LITER BTL CARB INCL - 2 LTR
A1321,PROMO BED PILLOWS - 24 OZ
A1322,POPCORN - OTHER - 16 OZ
A1323,TOMATO PASTE - 6 OZ
A1324,PITA/TORTILLAS - 24 OZ
A1325,PITA/TORTILLAS - 24 OZ
A1326,DIET BARS DIET LIQUID MEALS - 5 OZ
A1327,SFT DRNK 2 LITER BTL CARB INCL - 2 LTR
A1328,REFRIG DIPS - 16OUNCES
A1329,SUPER PREMIUM WINES - 16 OZ
A1330,MICROWAVABLE CUPS - 21 OZ
A1331,MICROWAVABLE CUPS - 21 OZ
A1332,BUTTER SPRAY CRACKER (RITZ/CLU - 18 CT
A1333,PEARS - 15.25 OZ
A1334,AEROSOL TOPPINGS - 16 OZ
A1335,GRAPE JUICE (50% AND UNDER JCE - 14.75 OZ
A1336,GRAPE JUICE (50% AND UNDER JCE - 14.75 OZ
A1337,PEARS - 15.25 OZ
A1338,PEARS - 15.25 OZ
A1339,CARBONATED WATER - FLVRD UNSWE - 30 CT
A1340,CARBONATED WATER - FLVRD UNSWE - 30 CT
A1341,CHEESE:PROCESSED PREPORTND - 8.25 OZ
A1342,CHEESE:PROCESSED PREPORTND - 8.25 OZ
A1343,POTATOES WHITE - 15 OZ
A1344,POTATOES WHITE - 15 OZ
A1345,MEXICAN DINNERS AND FOODS - 18 OZ
A1346,MEXICAN DINNERS AND FOODS - 18 OZ
A1347,REGULAR BEAN - 15 OZ
A1348,REGULAR BEAN - 15 OZ
A1349,PINEAPPLE - 20 OZ
A1350,POTATOES WHITE - 15 OZ
A1351,TOMATO PASTE - 12 OZ
A1352,SNACK CAKE - SINGLE SERVE - 4 OZ
A1353,SFT DRNK 2 LITER BTL CARB INCL - 2 LTR
A1354,RICOTTA CHEESE - 15 OZ
A1355,POLISH FOODS - 16 OZ
A1356,PAPER AND FOAM DRINKING CUPS - 20 OZ
A1357,PINEAPPLE - 20 OZ
A1358,BRITISH FOODS - 8.75 OZ
A1359,SFT DRNK 2 LITER BTL CARB INCL - 2 LTR
A1360,PEAS GREEN - 15 OZ
A1361,ALL OTHER MISC WINES - 15 OZ
A1362,VEG JUICE (EXCEPT TOMATO) (OVE - 15.25 OZ
A1363,NON-CARB FLVRD UNSWEETENED WAT - 16 OZ
A1364,RICOTTA CHEESE - 15 OZ
A1365,POURABLE SALAD DRESSINGS - 16 OZ
A1366,MULT PK BAG SNACKS - 14.5 OZ
A1367,SNACKS: SALTY - 15 OZ
A1368,PAPER NAPKINS - 20 OZ
A1369,SOUR CREAMS - 24 OZ
A1370,ORANGE JUICE  (OVER 50% JUICE) - 20 OZ
A1371,VIENNA SAUSAGE - 5 OZ
A1372,JUICE (UNDER 10% JUICE) - 17.5 OZ
A1373,METAL POLISH&RUST REMOVERS - 2 LTR
A1374,HISPANIC COOKIES/CRACKERS - 8 OZ
A1375,PROMO BED PILLOWS - 20 OZ
A1376,BREAD:PARTY BREADS - 15.00 OZ
A1377,MISCELLANEOUS CANDY (INCLUDING - 24 OZ
A1378,ORIENTAL FOODS AND MEALS - 16 OZ
A1379,REFRIGERATED ENGLISH MUFFINS - 11 OZ
A1380,POURABLE SALAD DRESSINGS - 16 OZ
A1381,CRANBERRY JUICE (OVER 50% JCE) - 15 OZ
A1382,TOMATO SAUCE - 8 OZ
A1383,RICOTTA CHEESE - 30 OZ
A1384,SOFT DRINKS SINGLE CANS CARB ( - 72 OZ
A1385,SFT DRNK 2 LITER BTL CARB INCL - 2 LTR
A1386,SOFT DRINKS CAN NON-CARB (EXCE - 12 OZ
A1387,MARGARINE: SQUEEZE - 7 OZ
A1388,CANDY - 6 CT
A1389,PRESERVES JAM MARMALADE - 18 OZ
A1390,SFT DRNK MISC CAN (EX:4PK18PK - 8 OZ
A1391,ALL OTHER IMPORTED WINES - 14.5 OZ
A1392,PEAS GREEN - 14 OZ
A1393,CRANBERRY SAUCE - 15 OZ
A1394,SFT DRNK 2 LITER BTL CARB INCL - 2 LTR
A1395,SEAFOOD-MISC-SPICES - R  8.25 OZ
A1396,MISC GRAIN MIXES - 14.5 OZ
A1397,OTHER HOT CEREAL - 40 OZ
A1398,SEAFOOD-MISC-SAUCES/MARIN-WET - 15 OZ
A1399,SPAGHETTI DRY - 8 OZ
A1400,FRZN FRENCH FRIES - 12 OZ
A1401,DAIRY CASE 100% PURE JUICE OTH - 15.25 OZ
A1402,FRZN BAGELS - 16 OZ
A1403,WAX PAPER & FREEZER PAPER - 14.50 OZ
A1404,PIZZA MIX DRY - 24 OZ
A1405,TOMATOES WHOLE - 28 OZ
A1406,FRZN BRD WHOLE FILLETS - 24OUNCES
A1407,SFT DRNK 2 LITER BTL CARB INCL - 2 LTR
A1408,SFT DRNK 2 LITER BTL CARB INCL - 2 LTR
A1409,BATHROOM CLEANERS - SPECIALTY - 11 OZ
A1410,RICOTTA CHEESE - 15 OZ
A1411,RTD COCKTAILS 750ML PLUS <=42P - 15 OZ
A1412,FLOOR - HARD SURFACE - 13 OZ
A1413,PEAS GREEN - 15 OZ
A1414,PEANUT BUTTER - 18 OZ
A1415,PEAS GREEN - 8.5 OZ
A1416,CAN/BTL BEVERAGE - 16 OZ
A1417,FLOUR: MISC SPECIALTY BLEND - 18 OZ
A1418,NON-IWS SINGLE CHEESE - 2 LB
A1419,AS SEEN ON TV - 8 OZ
A1420,PEAS GREEN - 15 OZ
A1421,REFRIG PIZZA&INGRED  N/MEAT DE - 24 OZ
A1422,PEANUT BUTTER - 28 OZ
A1423,POURABLE SALAD DRESSINGS - 16 OZ
A1424,CORNMEAL - 5 LB
A1425,TOMATOES WHOLE - 28 OZ
A1426,FIGHTING VARIETAL WINES - 18 OZ
A1427,INSTANT COFFEE FLAVORED W/SWEE - 11 OZ
A1428,REFRIG DIPS - 8 OZ
A1429,MAYBELLINE - 16 OZ
A1430,COVERGIRL - 16 OZ
A1431,BUTTERMILK - 18 CT
A1432,INSTANT COFFEE REGULAR - 11 OZ
A1433,THERMOS - 16 OZ
A1434,BIRD FEEDERS&MISC WILD BIRD - 14.5 OZ
A1435,REFRIG DIPS - 8 OZ
A1436,FRZN REGIONAL/OTHER - 13 OZ
A1437,SEASONAL MISCELLANEOUS - 4 OZ
A1438,PEANUT BUTTER - 18 OZ
A1439,CANDY BAGS-CHOCOCLATE - 6 CT
A1440,COTTAGE CHEESE - 5 LB
A1441,SFT DRNK MISC CAN (EX:4PK18PK - 24 OZ
A1442,REFRIG DIPS - 8 OZ
A1443,REFRIG DIPS - 8 OZ
A1444,AIR CARE - AEROSOLS - 16 OZ
A1445,BANDANA/SCARVES - 16 OZ
A1446,SOUR CREAMS - 8 OZ
A1447,REFRIG DIPS - 24 OZ
A1448,MARGARINE: SQUEEZE - 18 OZ
A1449,FRZN SS PREMIUM ENTREES/DNRS/T - 12 OZ
A1450,RICOTTA CHEESE - 15 OZ
A1451,HISPANIC SPICES AND SEASONINGS - P    24 OZ
A1452,POURABLE SALAD DRESSINGS - P   16 OZ.
A1453,CREAM CHEESE - 15 OZ
A1454,RICOTTA CHEESE - 15 OZ
A1455,HISPANIC SPICES AND SEASONINGS - 15 OZ
A1456,MISC: HERRING PICKLES HORSER - P     18OZ
A1457,POURABLE SALAD DRESSINGS - P    16 OZ
A1458,AUTHENTIC THAI FOODS - 966    8OZ
A1459,DONATIONS - 8 OZ
A1460,REFRIGERATED KOSHER PRODUCTS - 11 OZ
A1461,PEAS GREEN - 15 OZ
A1462,COTTAGE CHEESE - 12 OZ
A1463,PEANUT BUTTER - 18 OZ
A1464,BREAD:TORTILLAS/PITA - 12 CT
A1465,PEANUT BUTTER - 28 OZ
A1466,SPANISH RICE (CANNED ONLY) - 9.5 OZ
A1467,FRZN GARLIC BREAD/TOAST/STICKS - 12 OZ
A1468,VINEGAR ALL-EXCEPT WINE/RIC - P    16 OZ
A1469,INSTANT DECAF FLVR COFFEE W/ S - 11 OZ
A1470,POURABLE SALAD DRESSINGS - P    16 OZ
A1471,CAKE DECORS - BIRTHDAY CANDLES - 18 CT
A1472,PEAS GREEN - P   8.5 OZ
A1473,SOUR CREAMS - 24 OZ
A1474,RICOTTA CHEESE - 30 OZ
A1475,SUPER PREMIUM TOPPING - P   8.5 OZ
A1476,SOUR CREAMS - 16 OZ
A1477,RICOTTA CHEESE - 30 OZ
A1478,SFT DRNK 1 LITER BTL CARB (EXC - 15 1/4 OZ
A1479,TOILET BOWL AUTOMATIC - 16 OZ
A1480,MISC CHEMICALS - 8.75 OZ
A1481,CANDY BOXED CHOCOLATES - 6 CT
A1482,SALAD MUSTARD - 10.5 OZ
A1483,SOUR CREAMS - 16 OZ
A1484,COOKING OIL: PEANUT SAFFLOWER - 2 LB
A1485,TOMATO PASTE - P     6 OZ
A1486,BARS - GRANOLA/SNACK - 14.5 OZ
A1487,CHOCOLATE SYRUP - 15.25 OZ
A1488,MISC GRAIN MIXES - 32 OZ
A1489,CANNED CAT FOOD RATION (ECONOM - 1 DZ
A1490,SOUR CREAMS - 24 OZ
A1491,CAKE DECORS & ICING - 18 CT
A1492,FRUIT BOWL AND CUPS - 39 OZ
A1493,CARBONATED WATER - UNFLAVORED - 30 CT
A1494,BOTTLE DEPOSITS - 15.25 OZ
A1495,BOTTLE DEPOSITS - 15.25 OZ
A1496,FRZN BISCUITS - 14.25 OZ
A1497,POURABLE SALAD DRESSINGS - 24 OZ
A1498,REFRIGERATED BAGELS - 24 OZ
A1499,EGGS - X-LARGE - 1 DZ
A1500,SPARKLING WINES - 14.25 OZ
A1501,SOFT DRINK BOTTLE NON-CARB (EX - 2 LTR
A1502,EGGS - LARGE - 1 DZ
A1503,MARGARITA SALT/SUGAR MISC - 8 OZ.
A1504,POURABLE SALAD DRESSINGS -  
A1505,INTERIOR/EXTERIOR CARE - 15 OZ
A1506,PEANUT BUTTER - 28 OZ
A1507,SOFT DRINK BOTTLE NON-CARB (EX - 2 LTR
A1508,TEA BOTTLES WITH SWEETENER/SUG - 24 OZ
A1509,PEANUT BUTTER - 18 OZ
A1510,LAYER CAKE MIX - 12 OZ
A1511,REFRIGERATED BISCUITS REGULAR - 24 OZ
A1512,CANDY BAGS-CHOCOCLATE - 16 OZ
A1513,CANISTER POTATO/TORT CHIPS - LARGE
A1514,CANISTER POTATO/TORT CHIPS - LARGE
A1515,BOTTLE DEPOSITS - 12 CT
A1516,GRATED CHEESE - 8 CT
A1517,POPULAR 1.5LT WINES - 16 OZ
A1518,CAKES: LAYERS - 18 CT
A1519,POURABLE SALAD DRESSINGS - 16 OZ
A1520,ISOTONIC DRINKS MULTI-SERVE - 14 OZ
A1521,PIZZA SAUCE - 24 OZ
A1522,ASEPTIC MILK & MILK DRINKS - 8 OZ
A1523,SNACK MIX - 6 CT/16 OZ
A1524,INSTANT TEA & TEA MIX - 12 OZ
A1525,SALAD MUSTARD - 10.5 OZ
A1526,ORIENTAL NOODLES RICE - 16 OZ
A1527,CANNED CAT FOOD (9 LIVES/FRISK - LARGE
A1528,PREMIUM BREAD - 24 OZ
A1529,SANDWICH BUNS - 8CT
A1530,PREMIUM BREAD - 24 OZ
A1531,POURABLE SALAD DRESSINGS - 16 OZ
A1532,BERRIES CND (BLUBLKRASP) - 20 OZ
A1533,REFRIGERATED BAGELS - 6 OZ
A1534,SUPER PREMIUM PINTS - 8 OZ
A1535,POURABLE SALAD DRESSINGS - 16 OZ
A1536,DRY CAT FOOD ECONOMY (COST CUT - 11 OZ
A1537,BEEF STEW - 16 OZ
A1538,FABRIC SOFTENER SHEETS - 12 OZ
A1539,PREMIUM BREAD - 24OZ
A1540,POURABLE SALAD DRESSINGS - 16 OZ
A1541,PREMIUM BREAD - 24 OZ
A1542,PREMIUM BREAD - 24 OZ
A1543,DAIRY CASE TEA NO SUGAR OR SWE - 29 OZ
A1544,FROZEN CAKES/ALL TYPES INCLUDI - 34.5 OZ
A1545,PREMIUM BREAD - 24 OZ
A1546,BEEF/PORK - DRIED SLICED W/GRA - 16 OZ
A1547,RYE BREADS - 24 OZ
A1548,NOODLES DRY - 1 LB
A1549,SOFT DRINKS 6PK/4PK CAN CARB ( - 12OZ
A1550,SANDWICH BUNS - 8CT/21OZ
A1551,SOFT DRINK BOTTLE NON-CARB (EX - 15 OZ
A1552,PINEAPPLE - 20 OZ
A1553,SANDWICH BUNS - 8CT
A1554,TOMATO SAUCE - 8 OZ
A1555,PREMIUM BREAD - 6 OZ
A1556,TOILET BOWL MANUAL - 6 OZ
A1557,MISC DAIRY REFIGERATED - 6 OZ
A1558,POURABLE SALAD DRESSINGS - 16 OZ
A1559,BEVERAGE - 20 OZ
A1560,RYE BREADS - 24OZ
A1561,RYE BREADS - 24OZ
A1562,PREMIUM BREAD - 24 OZ
A1563,SOFT DRINK CANISTERS - 15 OZ
A1564,TOMATO SAUCE - 8 OZ
A1565,DAIRY CASE TEA WITH SUGAR OR S - 29 OZ
A1566,SANDWICH BUNS - 8CT/21 OZ
A1567,PIE CRUST MIXES & SHELLS - 6 OZ
A1568,FRENCH BAQUETTE
A1569,OLIVE CIABATTA
A1570,PEANUT BUTTER - 64 OZ
A1571,RYE BREADS - 24 OZ
A1572,SPAGHETTI DRY - 12 OZ
A1573,ASEPTIC PACK JUICE AND DRINKS - 8 OZ
A1574,ASPARAGUS - 8 OZ
A1575,SEMI MOIST CAT FOOD: BOX - 4 OZ
A1576,AUSTRALIAN/NZ WINES - 8 OZ
A1577,CARBONATED WATER - UNFLAVORED - 12 PK
A1578,FRZN HASHBROWN POTATOES - 12 OZ
A1579,BUTTER - 1 LB
A1580,SANDWICH BUNS - 21 OZ
A1581,FRZN MEAT ALTERNATIVES - 12 OZ
A1582,INSTANT DECAFFINATED - 11 OZ
A1583,SANDWICH BUNS - 21 OZ
A1584,ORIENTAL OTHER SAUCES MARINAD - 16 OZ
A1585,SUPER PREMIUM TOPPING - 8 OZ
A1586,SOFT DRINKS SINGLE CANS CARB ( - 15 OZ
A1587,SOIL & STAIN REMOVER - 15 OZ
A1588,PAPER TOWELS & HOLDERS - 20 OZ
A1589,PASTA BAKE - 20 OZ
A1590,CHEESE:PROCESSED PREPORTND - 16 OZ
A1591,SOLID SHORTENING - 15 OZ
A1592,SUPER PREMIUM WINES - 8 OZ
A1593,PROMOTIONAL BATH - 20 OZ
A1594,PASTA/RAMEN - 20 OZ
A1595,PASTA: CANNED - 20 OZ
A1596,MISCELLANEOUS VEGETABLES - 3 OZ
A1597,SFT DRNK MLT-PK BTL CARB (EXCP - 8 OZ
A1598,SANDWICH SAUCE - 16 OZ
A1599,SNACK MIX - 6 OZ
A1600,SMALL ANIMAL NEEDS - 3 OZ
A1601,SNACK NUT(BAG) - 6 OZ
A1602,SNACKS/APPETIZERS - 6 OZ
A1603,SANDWICH BUNS - 6CT/15OZ
A1604,SANDWICH BUNS - 6CT/13OZ
A1605,SANDWICH BUNS - 6CT/13OZ
A1606,SANDWICH BUNS - 6CT/13OZ
A1607,SANDWICH BUNS - 15 OZ
A1608,PEACHES - 20 OZ
A1609,SANDWICH BUNS - 15OZ
A1610,SANDWICH BUNS - 6CT/15OZ
A1611,S-SCONE FRUIT
A1612,S-SCONE INLAND
A1613,SS-CROISSANT CHEESE
A1614,SANDWICH BUNS - 6CT/15OZ
A1615,DAIRY CASE CITRUS PNCH/OJ SUBS - 23.5 OZ
A1616,VEGETABLE/SALAD OIL - 23.5 OZ
A1617,QUARTS - 23.5 OZ
A1618,SOFT DRINKS 6PK/4PK CAN CARB ( - 72 OZ
A1619,SFT DRNK SNGL SRV BTL CARB (EX - 8 OZ
A1620,SGL SV/VEND MACH SNACKS CHIP/P - 8 OZ
A1621,SHREDDED CHEESE - 8 OZ
A1622,GERMAN FOODS - 18.25 OZ
A1623,NO-NONSENSE - 2 LB
A1624,SPAGHETTI DRY - 2 LB
A1625,NOODLE SIDE DISH MIXES - 2 LB
A1626,SOUTH AMERICAN WINES - 18 OZ
A1627,LITTER ACCESSORIES - 9 OZ
A1628,LIMA BEANS - 8.75 OZ
A1629,LOAF CHEESE - 9 OZ
A1630,LUNCHEON MEAT - 9 OZ
A1631,MISC SALES TRANS - 12 OZ
A1632,PRUNE JUICE (OVER 50% JUICE) - 20 OZ
A1633,PIZZA/ECONOMY - 24 OZ
A1634,PIZZA/PREMIUM - 24 OZ
A1635,BEERALE -NON ALCOHOLIC - 18OZ
A1636,PIZZA/SINGLE SERVE/MICROWAVE - 24 OZ
A1637,SANDWICH SAUCE HORSERADISH SA - 8.75 OZ
A1638,SALAD MUSTARD - 14 OZ
A1639,AUTHENTIC SOUPS BOUILLONS - 14.5 OZ
A1640,GARLIC JAR - 14.5 OZ
A1641,SALAD MUSTARD - 16 OZ
A1642,SFT DRNK 2 LITER BTL CARB INCL - 2 LITER
A1643,PREMIUM BREAD - 24 OZ
A1644,SFT DRNK 2 LITER BTL CARB INCL - 2 LITER
A1645,BAKING NUTS - 24 OZ
A1646,SFT DRNK 2 LITER BTL CARB INCL - 2 LITER
A1647,SALAD MUSTARD - 16 OZ
A1648,SALAD MUSTARD - 16 OZ
A1649,SALAD MUSTARD - 16 OZ
A1650,AUTHENTIC ASIAN FOODS - 8 OZ
A1651,AUTHENTIC DRY BEVERAGES W/O SW - 8 OZ
A1652,AUTHENTIC DRY BEVERAGES W/SWEE - 8 OZ
A1653,CHEESE:SPECIALTY PREPACK - 16 OZ
A1654,MEXICAN SOFT TORTILLAS AND WRA - 16.5 OZ
A1655,CHEMICALS - 32 OZ
A1656,BREADINGS  COATINGS CRUMBS - 12 CT
A1657,CHERRIES (EXCEPT MARASCHINO) - 32 OZ
A1658,TEA BAGS HERBAL & FLAVORED - 16.5 OZ
A1659,CHICKEN-FULLY COOKED - 32 OZ
A1660,FROZEN FRUIT PIES  & COBBLERS - 16.5 OZ
A1661,CARBONATED WATER - FLVRD SWEET - 8 PK/12 OZ
A1662,HASH: CANNED - 8 PK/12 OZ
A1663,INSTANT TEA & TEA MIX (W/SUGAR - 12 OZ
A1664,VIENNA SAUSAGE - 5OZ
A1665,FRUIT COCKTAIL FRUIT SALAD - 39 OZ
A1666,ENGLISH MUFFINS/WAFFLES - 11.5 OZ
A1667,CORN DOGS - 15.25 OZ
A1668,SEAFOOD-FRE-NON RW-ALL - 7OZ
A1669,FRUIT DRINKS: CANNED & GLASS ( - 11 OZ
A1670,SNACKS: SALTY - 7OZ
A1671,FURNITURE - 16CT/24 OZ
A1672,IWS SINGLE CHEESE - 16CT/22 OZ
A1673,FROZEN VEGETABLES - 15.25 OZ
A1674,VIENNA SAUSAGE - 5OZ
A1675,SANDWICH BUNS - 14 OZ
A1676,JELLY - 16CT/22 OZ
A1677,JUICE (100% JUICE) - 16CT/22 OZ
A1678,SGL SV/VEND MACH SNACKS CHIP/P - 16.5 OZ
A1679,SANDWICH BUNS - 14 OZ/8CT
A1680,SANDWICH BUNS - 14 OZ/8CT
A1681,INTERIOR/EXTERIOR CARE - 13 OZ/8CT
A1682,GARBAGE KITCHEN COMPACTOR BA - 16CT/24 OZ
A1683,GARLIC JAR - 16CT/26 OZ
A1684,GARLIC WHOLE CLOVES - 16CT/26 OZ
A1685,SANDWICH BAGS - 15.5 OZ
A1686,AUTHENTIC INDIAN FOODS - 8 OZ
A1687,AUTHENTIC JAPANESE FOODS - 8 OZ
A1688,AUTHENTIC PASTA RICE BEANS - 8 OZ
A1689,SANDWICH SAUCE HORSERADISH SA - 8.75 OZ
A1690,POURABLE SALAD DRESSINGS - 16 OZ
A1691,POURABLE SALAD DRESSINGS - 12 OZ
A1692,POURABLE SALAD DRESSINGS - 16 OZ
A1693,PIZZA/TRADITIONAL - 24 OZ
A1694,POURABLE SALAD DRESSINGS - 16 OZ
A1695,SALAD MUSTARD - 16 OZ
A1696,POURABLE SALAD DRESSINGS - 16 OZ
A1697,POURABLE SALAD DRESSINGS - 12 OZ
A1698,POURABLE SALAD DRESSINGS - 12 OZ
A1699,SPINACH & GREENS - 14.5 OZ
A1700,SPINACH & GREENS - 14.5 OZ
A1701,POURABLE SALAD DRESSINGS - 12 OZ
A1702,POURABLE SALAD DRESSINGS - 12 OZ
A1703,POURABLE SALAD DRESSINGS - 12 OZ
A1704,POURABLE SALAD DRESSINGS - 12 OZ
A1705,POURABLE SALAD DRESSINGS - 16 OZ
A1706,SPINACH & GREENS - 14.5 OZ
A1707,SALAD MUSTARD - 16 OZ
A1708,POURABLE SALAD DRESSINGS - 16 OZ
A1709,SPINACH & GREENS - 14.5 OZ
A1710,SPINACH & GREENS - 14.5 OZ
A1711,POURABLE SALAD DRESSINGS - 16 OZ
A1712,SALAD MUSTARD - 16 OZ
A1713,POURABLE SALAD DRESSINGS - 16 OZ
A1714,POURABLE SALAD DRESSINGS - 16 OZ
A1715,POURABLE SALAD DRESSINGS - 16 OZ
A1716,POURABLE SALAD DRESSINGS - 16 OZ
A1717,SALAD MUSTARD - 16 OZ
A1718,POURABLE SALAD DRESSINGS - 16 OZ
A1719,PREMIUM BREAD - 24 OZ
A1720,COCKTAIL MIXES-FLUID:ADD LIQ - 13 OZ
A1721,COCKTAIL MIXES-FRZ - 13 OZ
A1722,COCONUT - 13 OZ
A1723,SPECIALTY LAUNDRY - 22 OZ
A1724,TOMATO SAUCE - 8 OZ
A1725,SPECIALTY WILD BIRD/SUET - 22 OZ
A1726,TOMATO SAUCE - 8 OZ
A1727,PLASTIC CUPS - 24 OZ
A1728,PLASTIC TRASH BAGS - 24 OZ
A1729,PEAS GREEN - 15 OZ
A1730,TOMATOES WHOLE - 28 OZ
A1731,TOMATOES WHOLE - 14.5 OZ
A1732,PEAS GREEN - 15 OZ
A1733,TOMATOES WHOLE - 28 OZ
A1734,PEAS GREEN - 15 OZ
A1735,FRZN MISC SEAFOOD - 12 OZ
A1736,FRZN MISC SEAFOOD - 12 OZ
A1737,RICOTTA CHEESE - 15 OZ
A1738,ASEPTIC PACK JUICE AND DRINKS - 16.7 OZ
A1739,DRY DOG FOOD SUPER PREM (ONE/N - 16.7 OZ
A1740,MIXERS(TONIC WTR/GNGR ALE)FLAV - 16.7 OZ
A1741,PREMIUM 750ML WINES - 18 OZ
A1742,CONVENTIONAL LITTER - 18 OZ
A1743,TEA BAGS & BULK TEA (SUPPLEMEN - 22 OZ
A1744,CENTRAL AMERICAN FOODS - 22 OZ
A1745,BEVERAGE WINES - 24 OZ
A1746,BIRD FEEDERS&MISC WILD BIRD - 24 OZ
A1747,MEAT INCLUDED - 22 OZ
A1748,BAGELS - 14.25 OZ
A1749,BURRITOS - 22 OZ
A1750,ORIENTAL VEGETABLES - 18 OZ
A1751,FROSTING - 22 OZ
A1752,LUNCHEON MEAT - 18 OZ
A1753,OVEN CLEANERS - 22 OZ
A1754,SV BEV: BEV/JUICE 50-100% JUIC - 22 OZ
A1755,VALUE GLASS WINE - 22 OZ
A1756,BISCUIT FLOUR & MIXES - 24 OZ
A1757,BEVERAGE WINES - 22 OZ
A1758,HOT CHOCOLATE COCOA MIX - 10 OZ
A1759,BITS & MORSELS - 24 OZ
A1760,MISC: CHEESECAKE MOUSSE MIXES - 12 OZ
A1761,SPAGHETTI DRY - 12 OZ
A1762,MISC: HERRING PICKLES HORSER - 12 OZ
A1763,SPAGHETTI DRY - 12 OZ
A1764,YOGURT MULTI-PACKS - 8 CT
A1765,YOGURT MULTI-PACKS - 8 CT
A1766,YOGURT MULTI-PACKS - 8 CT
A1767,YOGURT MULTI-PACKS - 8 CT
A1768,YOGURT MULTI-PACKS - 8 CT
A1769,TOMATO SAUCE - 15 OZ
A1770,TOMATO PASTE - 6 OZ
A1771,YOGURT MULTI-PACKS - 48 OZ
A1772,SEASONAL CANDY BAGS-CHOCOLATE - 3 LB
A1773,PREMIUM BREAD - 24 OZ
A1774,FLOUR: MISC SPECIALTY BLEND - 5 LB
A1775,COOKING BAGS - 5 LB
A1776,SKILLET DINNERS - 8 OZ
A1777,AUTHENTIC INDIAN FOODS - 50 OZ
A1778,PEANUT BUTTER - 18 OZ
A1779,SEMI MOIST DOG FOOD - 6 OZ
A1780,PEANUT BUTTER - 18 OZ
A1781,SFT DRNK MLT-PK BTL CARB (EXCP - 12 OZ
A1782,SFT DRNK MLT-PK BTL CARB (EXCP - 12 OZ
A1783,SFT DRNK MLT-PK BTL CARB (EXCP - 12 OZ
A1784,SFT DRNK MLT-PK BTL CARB (EXCP - 12 OZ
A1785,SFT DRNK 2 LITER BTL CARB INCL - 2 LTR
A1786,SPICES/SEASONING - 8 PK/12 OZ
A1787,SFT DRNK MLT-PK BTL CARB (EXCP - 12 OZ
A1788,POULTRY - STEW W/DUMPLINGS/ A - 8 PK/12 OZ
A1789,BEEF/PORK - DRIED SLICED W/GRA - 8 PK/12 OZ
A1790,SFT DRNK MLT-PK BTL CARB (EXCP - 12 OZ
A1791,SFT DRNK 2 LITER BTL CARB INCL - 2 LTR
A1792,SFT DRNK MLT-PK BTL CARB (EXCP - 96 OZ
A1793,SFT DRNK MLT-PK BTL CARB (EXCP - 96 OZ
A1794,SFT DRNK MLT-PK BTL CARB (EXCP - 96 OZ
A1795,SFT DRNK MLT-PK BTL CARB (EXCP - 96 OZ
A1796,BAKING COCOA - 16 OZ
A1797,BAKING CUPS - 16 OZ
A1798,ITALIAN WINES - 16 OZ
A1799,FRZN WHIPPED TOPPING - 16 OZ
A1800,YOGURT MULTI-PACKS - 8 CT
A1801,BREAKFAST CRYSTALS - 12 CT
A1802,PREMIUM BREAD - 24 OZ
A1803,PREMIUM BREAD - 24 OZ
A1804,SANDWICH BUNS - 21 OZ
A1805,PREMIUM BREAD - 24 OZ
A1806,PREMIUM BREAD - 24 OZ
A1807,BREAKFAST FOODS - 12 CT
A1808,ORIENTAL NOODLES RICE - 14.5 OZ
A1809,SPAGHETTI DRY - 1 LB
A1810,PASTA BAKE - 14.75 OZ
A1811,KETCHUP/MUSTARD/BBQ SCE/MARINA - 11 OZ
A1812,TOMATO SAUCE - 13.6 OZ
A1813,MACARONI DRY - 1 LB
A1814,SALT SUBSTITUTES - 14.75 OZ
A1815,AIR CARE - RUG - 11 OZ
A1816,POPULAR 750ML WINES - 16 OZ
A1817,ORIENTAL SOY SAUCE - 16 OZ
A1818,FABRIC REFRESHERS/DRY CLEAN - 11.5 OZ
A1819,PORK-FULLY COOKED - 16 OZ
A1820,INSTANT OATMEAL - 11 OZ
A1821,FRZN MULTI SERVE ENTREES ALL - 12 OZ
A1822,FROZEN CREAM PIES - 34.5 OZ
A1823,ORIENTAL VEGETABLES - 16 OZ
A1824,PACKAGE DINNERS: OTHER - 17 OZ
A1825,PEANUT BUTTER - 17 OZ
A1826,POTATO CHIPS - 16 OZ
A1827,FRZN SS PREMIUM ENTREES/DNRS/T - 14 OZ
A1828,INTERIOR/EXTERIOR ACCESSIORES - 13 OZ
A1829,PIZZA SAUCE - 14 OZ
A1830,PRESERVES JAM MARMALADE - 11.5 OZ
A1831,BREAD:PARTY BREADS - 15.00 OZ
A1832,MISC MEAT SAUCES - 32 OZ
A1833,SOUR CREAMS - 8 OZ
A1834,CANDY REFRIGERATED - 15 1/4 OZ
A1835,MISC OILS - 32 OZ
A1836,SPICES - 22 OZ
A1837,DIPS (NON-REFRIGERATED) - 8 OZ
A1838,BATHROOM CLEANERS - SPECIALTY - 6 OZ
A1839,GARLIC WHOLE CLOVES - 15.25 OZ
